--------------------------------------------------------
--  파일이 생성됨 - 월요일-5월-31-2021   
--------------------------------------------------------
--------------------------------------------------------
--  DDL for Table ADMIN
--------------------------------------------------------

  CREATE TABLE "SEMI_KH"."ADMIN" 
   (	"ADMIN_NO" NUMBER, 
	"ADMIN_ID" VARCHAR2(20 BYTE), 
	"ADMIN_PW" VARCHAR2(20 BYTE), 
	"ADMIN_NAME" VARCHAR2(20 BYTE), 
	"ADMIN_PHONE" CHAR(11 BYTE), 
	"ADMIN_ADDR" VARCHAR2(100 BYTE)
   ) SEGMENT CREATION IMMEDIATE 
  PCTFREE 10 PCTUSED 40 INITRANS 1 MAXTRANS 255 NOCOMPRESS LOGGING
  STORAGE(INITIAL 65536 NEXT 1048576 MINEXTENTS 1 MAXEXTENTS 2147483645
  PCTINCREASE 0 FREELISTS 1 FREELIST GROUPS 1 BUFFER_POOL DEFAULT FLASH_CACHE DEFAULT CELL_FLASH_CACHE DEFAULT)
  TABLESPACE "SYSTEM" ;
--------------------------------------------------------
--  DDL for Table DONATION
--------------------------------------------------------

  CREATE TABLE "SEMI_KH"."DONATION" 
   (	"PA_NO" NUMBER, 
	"PATRON" VARCHAR2(20 BYTE), 
	"PA_USE" NUMBER, 
	"PA_KIND" NUMBER, 
	"PA_PHONE" CHAR(11 BYTE), 
	"PA_EMAIL" VARCHAR2(20 BYTE), 
	"PA_PW" VARCHAR2(30 BYTE), 
	"PA_PRICE" NUMBER
   ) SEGMENT CREATION IMMEDIATE 
  PCTFREE 10 PCTUSED 40 INITRANS 1 MAXTRANS 255 NOCOMPRESS LOGGING
  STORAGE(INITIAL 65536 NEXT 1048576 MINEXTENTS 1 MAXEXTENTS 2147483645
  PCTINCREASE 0 FREELISTS 1 FREELIST GROUPS 1 BUFFER_POOL DEFAULT FLASH_CACHE DEFAULT CELL_FLASH_CACHE DEFAULT)
  TABLESPACE "SYSTEM" ;
--------------------------------------------------------
--  DDL for Table DONATION_LIST
--------------------------------------------------------

  CREATE TABLE "SEMI_KH"."DONATION_LIST" 
   (	"DONA_NO" NUMBER, 
	"DONA_TITLE" VARCHAR2(1000 BYTE), 
	"DONA_WRITER" VARCHAR2(20 BYTE), 
	"DONA_CONTENT" VARCHAR2(4000 BYTE), 
	"DONA_DATE" CHAR(10 BYTE), 
	"PA_AMOUNT" NUMBER, 
	"PA_LEVEL" VARCHAR2(20 BYTE)
   ) SEGMENT CREATION IMMEDIATE 
  PCTFREE 10 PCTUSED 40 INITRANS 1 MAXTRANS 255 NOCOMPRESS LOGGING
  STORAGE(INITIAL 65536 NEXT 1048576 MINEXTENTS 1 MAXEXTENTS 2147483645
  PCTINCREASE 0 FREELISTS 1 FREELIST GROUPS 1 BUFFER_POOL DEFAULT FLASH_CACHE DEFAULT CELL_FLASH_CACHE DEFAULT)
  TABLESPACE "SYSTEM" ;
--------------------------------------------------------
--  DDL for Table FREE
--------------------------------------------------------

  CREATE TABLE "SEMI_KH"."FREE" 
   (	"FREE_NO" NUMBER, 
	"FREE_TITLE" VARCHAR2(300 BYTE), 
	"FREE_WRITER" VARCHAR2(20 BYTE), 
	"FREE_CONTENT" VARCHAR2(4000 BYTE), 
	"FREE_DATE" CHAR(10 BYTE), 
	"FILEPATH" VARCHAR2(500 BYTE), 
	"READ_COUNT" NUMBER
   ) SEGMENT CREATION IMMEDIATE 
  PCTFREE 10 PCTUSED 40 INITRANS 1 MAXTRANS 255 NOCOMPRESS LOGGING
  STORAGE(INITIAL 65536 NEXT 1048576 MINEXTENTS 1 MAXEXTENTS 2147483645
  PCTINCREASE 0 FREELISTS 1 FREELIST GROUPS 1 BUFFER_POOL DEFAULT FLASH_CACHE DEFAULT CELL_FLASH_CACHE DEFAULT)
  TABLESPACE "SYSTEM" ;
--------------------------------------------------------
--  DDL for Table FREE_COMMENT
--------------------------------------------------------

  CREATE TABLE "SEMI_KH"."FREE_COMMENT" 
   (	"FC_NO" NUMBER, 
	"FC_WRITER" VARCHAR2(20 BYTE), 
	"FC_CONTENT" VARCHAR2(1000 BYTE), 
	"FC_DATE" CHAR(10 BYTE), 
	"FREE_REF" NUMBER, 
	"FC_REF" NUMBER
   ) SEGMENT CREATION IMMEDIATE 
  PCTFREE 10 PCTUSED 40 INITRANS 1 MAXTRANS 255 NOCOMPRESS LOGGING
  STORAGE(INITIAL 65536 NEXT 1048576 MINEXTENTS 1 MAXEXTENTS 2147483645
  PCTINCREASE 0 FREELISTS 1 FREELIST GROUPS 1 BUFFER_POOL DEFAULT FLASH_CACHE DEFAULT CELL_FLASH_CACHE DEFAULT)
  TABLESPACE "SYSTEM" ;
--------------------------------------------------------
--  DDL for Table FREE_LIKE
--------------------------------------------------------

  CREATE TABLE "SEMI_KH"."FREE_LIKE" 
   (	"FL_NO" NUMBER, 
	"FREE_REF" NUMBER, 
	"MEMBER_ID" VARCHAR2(20 BYTE)
   ) SEGMENT CREATION IMMEDIATE 
  PCTFREE 10 PCTUSED 40 INITRANS 1 MAXTRANS 255 NOCOMPRESS LOGGING
  STORAGE(INITIAL 65536 NEXT 1048576 MINEXTENTS 1 MAXEXTENTS 2147483645
  PCTINCREASE 0 FREELISTS 1 FREELIST GROUPS 1 BUFFER_POOL DEFAULT FLASH_CACHE DEFAULT CELL_FLASH_CACHE DEFAULT)
  TABLESPACE "SYSTEM" ;
--------------------------------------------------------
--  DDL for Table MEMBER
--------------------------------------------------------

  CREATE TABLE "SEMI_KH"."MEMBER" 
   (	"MEMBER_NO" NUMBER, 
	"MEMBER_ID" VARCHAR2(20 BYTE), 
	"MEMBER_PW" VARCHAR2(30 BYTE), 
	"MEMBER_NAME" VARCHAR2(20 BYTE), 
	"MEMBER_ADDR" VARCHAR2(100 BYTE), 
	"MEMBER_EMAIL" VARCHAR2(100 BYTE) DEFAULT 'EmailID@Domain.co.kr', 
	"PHONE" VARCHAR2(13 BYTE)
   ) SEGMENT CREATION IMMEDIATE 
  PCTFREE 10 PCTUSED 40 INITRANS 1 MAXTRANS 255 NOCOMPRESS LOGGING
  STORAGE(INITIAL 65536 NEXT 1048576 MINEXTENTS 1 MAXEXTENTS 2147483645
  PCTINCREASE 0 FREELISTS 1 FREELIST GROUPS 1 BUFFER_POOL DEFAULT FLASH_CACHE DEFAULT CELL_FLASH_CACHE DEFAULT)
  TABLESPACE "SYSTEM" ;
--------------------------------------------------------
--  DDL for Table NOTICE1
--------------------------------------------------------

  CREATE TABLE "SEMI_KH"."NOTICE1" 
   (	"NOTICE_NO" NUMBER, 
	"NOTICE_TITLE" VARCHAR2(1000 BYTE), 
	"NOTICE_WRITER" VARCHAR2(20 BYTE), 
	"NOTICE_CONTENT" VARCHAR2(4000 BYTE), 
	"NOTICE_DATE" CHAR(10 BYTE), 
	"FILENAME" VARCHAR2(500 BYTE), 
	"FILEPATH" VARCHAR2(500 BYTE)
   ) SEGMENT CREATION IMMEDIATE 
  PCTFREE 10 PCTUSED 40 INITRANS 1 MAXTRANS 255 NOCOMPRESS LOGGING
  STORAGE(INITIAL 65536 NEXT 1048576 MINEXTENTS 1 MAXEXTENTS 2147483645
  PCTINCREASE 0 FREELISTS 1 FREELIST GROUPS 1 BUFFER_POOL DEFAULT FLASH_CACHE DEFAULT CELL_FLASH_CACHE DEFAULT)
  TABLESPACE "SYSTEM" ;
--------------------------------------------------------
--  DDL for Table NOTICE_COMMENT
--------------------------------------------------------

  CREATE TABLE "SEMI_KH"."NOTICE_COMMENT" 
   (	"NC_NO" NUMBER, 
	"NC_LEVEL" NUMBER, 
	"NC_WRITER" VARCHAR2(20 BYTE), 
	"NC_CONTENT" VARCHAR2(1000 BYTE), 
	"NC_DATE" CHAR(10 BYTE), 
	"NOTICE_REF" NUMBER, 
	"NC_REF" NUMBER
   ) SEGMENT CREATION IMMEDIATE 
  PCTFREE 10 PCTUSED 40 INITRANS 1 MAXTRANS 255 NOCOMPRESS LOGGING
  STORAGE(INITIAL 65536 NEXT 1048576 MINEXTENTS 1 MAXEXTENTS 2147483645
  PCTINCREASE 0 FREELISTS 1 FREELIST GROUPS 1 BUFFER_POOL DEFAULT FLASH_CACHE DEFAULT CELL_FLASH_CACHE DEFAULT)
  TABLESPACE "SYSTEM" ;
--------------------------------------------------------
--  DDL for Table PRODUCT
--------------------------------------------------------

  CREATE TABLE "SEMI_KH"."PRODUCT" 
   (	"PRODUCT_NO" NUMBER, 
	"PRODUCT_TITLE" VARCHAR2(1000 BYTE), 
	"PRODUCT_INFO" VARCHAR2(1000 BYTE), 
	"FILENAME" VARCHAR2(500 BYTE), 
	"FILEPATH" VARCHAR2(500 BYTE), 
	"PRODUCT_CONTETNT" LONG, 
	"PRODUCT_SPONS" VARCHAR2(100 BYTE)
   ) SEGMENT CREATION IMMEDIATE 
  PCTFREE 10 PCTUSED 40 INITRANS 1 MAXTRANS 255 NOCOMPRESS LOGGING
  STORAGE(INITIAL 65536 NEXT 1048576 MINEXTENTS 1 MAXEXTENTS 2147483645
  PCTINCREASE 0 FREELISTS 1 FREELIST GROUPS 1 BUFFER_POOL DEFAULT FLASH_CACHE DEFAULT CELL_FLASH_CACHE DEFAULT)
  TABLESPACE "SYSTEM" ;
--------------------------------------------------------
--  DDL for Sequence ADMIN_SEQ
--------------------------------------------------------

   CREATE SEQUENCE  "SEMI_KH"."ADMIN_SEQ"  MINVALUE 1 MAXVALUE 9999999999999999999999999999 INCREMENT BY 1 START WITH 61 CACHE 20 NOORDER  NOCYCLE ;
--------------------------------------------------------
--  DDL for Sequence DONA_SEQ
--------------------------------------------------------

   CREATE SEQUENCE  "SEMI_KH"."DONA_SEQ"  MINVALUE 1 MAXVALUE 9999999999999999999999999999 INCREMENT BY 1 START WITH 241 CACHE 20 NOORDER  NOCYCLE ;
--------------------------------------------------------
--  DDL for Sequence FC_SEQ
--------------------------------------------------------

   CREATE SEQUENCE  "SEMI_KH"."FC_SEQ"  MINVALUE 1 MAXVALUE 9999999999999999999999999999 INCREMENT BY 1 START WITH 3 NOCACHE  NOORDER  NOCYCLE ;
--------------------------------------------------------
--  DDL for Sequence FREE_SEQ
--------------------------------------------------------

   CREATE SEQUENCE  "SEMI_KH"."FREE_SEQ"  MINVALUE 1 MAXVALUE 9999999999999999999999999999 INCREMENT BY 1 START WITH 259 NOCACHE  NOORDER  NOCYCLE ;
--------------------------------------------------------
--  DDL for Sequence LIKE_SEQ
--------------------------------------------------------

   CREATE SEQUENCE  "SEMI_KH"."LIKE_SEQ"  MINVALUE 1 MAXVALUE 9999999999999999999999999999 INCREMENT BY 1 START WITH 158 NOCACHE  NOORDER  NOCYCLE ;
--------------------------------------------------------
--  DDL for Sequence MEMBER_SEQ
--------------------------------------------------------

   CREATE SEQUENCE  "SEMI_KH"."MEMBER_SEQ"  MINVALUE 1 MAXVALUE 9999999999999999999999999999 INCREMENT BY 1 START WITH 81 CACHE 20 NOORDER  NOCYCLE ;
--------------------------------------------------------
--  DDL for Sequence NOTICE1_SEQ
--------------------------------------------------------

   CREATE SEQUENCE  "SEMI_KH"."NOTICE1_SEQ"  MINVALUE 1 MAXVALUE 9999999999999999999999999999 INCREMENT BY 1 START WITH 221 CACHE 20 NOORDER  NOCYCLE ;
--------------------------------------------------------
--  DDL for Sequence PD_SEQ
--------------------------------------------------------

   CREATE SEQUENCE  "SEMI_KH"."PD_SEQ"  MINVALUE 1 MAXVALUE 9999999999999999999999999999 INCREMENT BY 1 START WITH 101 CACHE 20 NOORDER  NOCYCLE ;
REM INSERTING into SEMI_KH.ADMIN
SET DEFINE OFF;
Insert into SEMI_KH.ADMIN (ADMIN_NO,ADMIN_ID,ADMIN_PW,ADMIN_NAME,ADMIN_PHONE,ADMIN_ADDR) values (3,'admin1','1111','관리자1','01011111111','서울시 마포구 ');
Insert into SEMI_KH.ADMIN (ADMIN_NO,ADMIN_ID,ADMIN_PW,ADMIN_NAME,ADMIN_PHONE,ADMIN_ADDR) values (4,'admin2','2222','관리자2','01012344321','부산시 서구 남부민동');
Insert into SEMI_KH.ADMIN (ADMIN_NO,ADMIN_ID,ADMIN_PW,ADMIN_NAME,ADMIN_PHONE,ADMIN_ADDR) values (5,'admin3','1234','관리자3','01093660469','서울 강남구');
Insert into SEMI_KH.ADMIN (ADMIN_NO,ADMIN_ID,ADMIN_PW,ADMIN_NAME,ADMIN_PHONE,ADMIN_ADDR) values (7,'admin4','4444','관리자4','01044444444','인천 부평구 부평동');
Insert into SEMI_KH.ADMIN (ADMIN_NO,ADMIN_ID,ADMIN_PW,ADMIN_NAME,ADMIN_PHONE,ADMIN_ADDR) values (9,'admin5','1234','관리자5','01011111111','서울시 서초구');
Insert into SEMI_KH.ADMIN (ADMIN_NO,ADMIN_ID,ADMIN_PW,ADMIN_NAME,ADMIN_PHONE,ADMIN_ADDR) values (41,'admin77','1234','서준식','01028747801','서울');
Insert into SEMI_KH.ADMIN (ADMIN_NO,ADMIN_ID,ADMIN_PW,ADMIN_NAME,ADMIN_PHONE,ADMIN_ADDR) values (44,'test97','1234','은현','01012341234','인천남동구');
Insert into SEMI_KH.ADMIN (ADMIN_NO,ADMIN_ID,ADMIN_PW,ADMIN_NAME,ADMIN_PHONE,ADMIN_ADDR) values (45,'ㄴㅇㄹㄴㅇㄹ','1234','아하','12341234010','서울시마포구');
Insert into SEMI_KH.ADMIN (ADMIN_NO,ADMIN_ID,ADMIN_PW,ADMIN_NAME,ADMIN_PHONE,ADMIN_ADDR) values (47,'eunhyeon','1111','은현','01022349493','송도동');
Insert into SEMI_KH.ADMIN (ADMIN_NO,ADMIN_ID,ADMIN_PW,ADMIN_NAME,ADMIN_PHONE,ADMIN_ADDR) values (49,'test1199','1234','강은현','01022221111','서울');
REM INSERTING into SEMI_KH.DONATION
SET DEFINE OFF;
REM INSERTING into SEMI_KH.DONATION_LIST
SET DEFINE OFF;
Insert into SEMI_KH.DONATION_LIST (DONA_NO,DONA_TITLE,DONA_WRITER,DONA_CONTENT,DONA_DATE,PA_AMOUNT,PA_LEVEL) values (1,'제목','서준식','내용','2021-05-16',200000,'학교 및 단체');
Insert into SEMI_KH.DONATION_LIST (DONA_NO,DONA_TITLE,DONA_WRITER,DONA_CONTENT,DONA_DATE,PA_AMOUNT,PA_LEVEL) values (2,'제목','서준식','내용','2021-05-16',200000,'학교 및 단체');
Insert into SEMI_KH.DONATION_LIST (DONA_NO,DONA_TITLE,DONA_WRITER,DONA_CONTENT,DONA_DATE,PA_AMOUNT,PA_LEVEL) values (3,'제목','서준식','내용','2021-05-16',200000,'학교 및 단체');
Insert into SEMI_KH.DONATION_LIST (DONA_NO,DONA_TITLE,DONA_WRITER,DONA_CONTENT,DONA_DATE,PA_AMOUNT,PA_LEVEL) values (4,'제목','서준식','내용','2021-05-16',200000,'학교 및 단체');
Insert into SEMI_KH.DONATION_LIST (DONA_NO,DONA_TITLE,DONA_WRITER,DONA_CONTENT,DONA_DATE,PA_AMOUNT,PA_LEVEL) values (5,'제목','서준식','내용','2021-05-16',200000,'학교 및 단체');
Insert into SEMI_KH.DONATION_LIST (DONA_NO,DONA_TITLE,DONA_WRITER,DONA_CONTENT,DONA_DATE,PA_AMOUNT,PA_LEVEL) values (6,'제목','서준식','내용','2021-05-16',200000,'학교 및 단체');
Insert into SEMI_KH.DONATION_LIST (DONA_NO,DONA_TITLE,DONA_WRITER,DONA_CONTENT,DONA_DATE,PA_AMOUNT,PA_LEVEL) values (7,'제목','서준식','내용','2021-05-16',200000,'학교 및 단체');
Insert into SEMI_KH.DONATION_LIST (DONA_NO,DONA_TITLE,DONA_WRITER,DONA_CONTENT,DONA_DATE,PA_AMOUNT,PA_LEVEL) values (8,'제목','서준식','내용','2021-05-16',200000,'학교 및 단체');
Insert into SEMI_KH.DONATION_LIST (DONA_NO,DONA_TITLE,DONA_WRITER,DONA_CONTENT,DONA_DATE,PA_AMOUNT,PA_LEVEL) values (9,'제목','서준식','내용','2021-05-16',200000,'학교 및 단체');
Insert into SEMI_KH.DONATION_LIST (DONA_NO,DONA_TITLE,DONA_WRITER,DONA_CONTENT,DONA_DATE,PA_AMOUNT,PA_LEVEL) values (10,'제목','서준식','내용','2021-05-16',200000,'학교 및 단체');
Insert into SEMI_KH.DONATION_LIST (DONA_NO,DONA_TITLE,DONA_WRITER,DONA_CONTENT,DONA_DATE,PA_AMOUNT,PA_LEVEL) values (11,'제목','서준식','내용','2021-05-16',200000,'학교 및 단체');
Insert into SEMI_KH.DONATION_LIST (DONA_NO,DONA_TITLE,DONA_WRITER,DONA_CONTENT,DONA_DATE,PA_AMOUNT,PA_LEVEL) values (12,'제목','서준식','내용','2021-05-16',200000,'학교 및 단체');
Insert into SEMI_KH.DONATION_LIST (DONA_NO,DONA_TITLE,DONA_WRITER,DONA_CONTENT,DONA_DATE,PA_AMOUNT,PA_LEVEL) values (13,'제목','서준식','내용','2021-05-16',200000,'학교 및 단체');
Insert into SEMI_KH.DONATION_LIST (DONA_NO,DONA_TITLE,DONA_WRITER,DONA_CONTENT,DONA_DATE,PA_AMOUNT,PA_LEVEL) values (14,'제목','서준식','내용','2021-05-16',200000,'학교 및 단체');
Insert into SEMI_KH.DONATION_LIST (DONA_NO,DONA_TITLE,DONA_WRITER,DONA_CONTENT,DONA_DATE,PA_AMOUNT,PA_LEVEL) values (15,'제목','서준식','내용','2021-05-16',200000,'학교 및 단체');
Insert into SEMI_KH.DONATION_LIST (DONA_NO,DONA_TITLE,DONA_WRITER,DONA_CONTENT,DONA_DATE,PA_AMOUNT,PA_LEVEL) values (16,'제목','서준식','내용','2021-05-16',200000,'학교 및 단체');
Insert into SEMI_KH.DONATION_LIST (DONA_NO,DONA_TITLE,DONA_WRITER,DONA_CONTENT,DONA_DATE,PA_AMOUNT,PA_LEVEL) values (17,'제목','서준식','내용','2021-05-16',200000,'학교 및 단체');
Insert into SEMI_KH.DONATION_LIST (DONA_NO,DONA_TITLE,DONA_WRITER,DONA_CONTENT,DONA_DATE,PA_AMOUNT,PA_LEVEL) values (18,'제목','서준식','내용','2021-05-16',200000,'학교 및 단체');
Insert into SEMI_KH.DONATION_LIST (DONA_NO,DONA_TITLE,DONA_WRITER,DONA_CONTENT,DONA_DATE,PA_AMOUNT,PA_LEVEL) values (19,'제목','서준식','내용','2021-05-16',200000,'학교 및 단체');
Insert into SEMI_KH.DONATION_LIST (DONA_NO,DONA_TITLE,DONA_WRITER,DONA_CONTENT,DONA_DATE,PA_AMOUNT,PA_LEVEL) values (20,'제목','서준식','내용','2021-05-16',200000,'학교 및 단체');
Insert into SEMI_KH.DONATION_LIST (DONA_NO,DONA_TITLE,DONA_WRITER,DONA_CONTENT,DONA_DATE,PA_AMOUNT,PA_LEVEL) values (21,'제목','서준식','내용','2021-05-16',200000,'학교 및 단체');
Insert into SEMI_KH.DONATION_LIST (DONA_NO,DONA_TITLE,DONA_WRITER,DONA_CONTENT,DONA_DATE,PA_AMOUNT,PA_LEVEL) values (22,'제목','서준식','내용','2021-05-16',200000,'학교 및 단체');
Insert into SEMI_KH.DONATION_LIST (DONA_NO,DONA_TITLE,DONA_WRITER,DONA_CONTENT,DONA_DATE,PA_AMOUNT,PA_LEVEL) values (23,'제목','서준식','내용','2021-05-16',200000,'학교 및 단체');
Insert into SEMI_KH.DONATION_LIST (DONA_NO,DONA_TITLE,DONA_WRITER,DONA_CONTENT,DONA_DATE,PA_AMOUNT,PA_LEVEL) values (24,'제목','서준식','내용','2021-05-16',200000,'학교 및 단체');
Insert into SEMI_KH.DONATION_LIST (DONA_NO,DONA_TITLE,DONA_WRITER,DONA_CONTENT,DONA_DATE,PA_AMOUNT,PA_LEVEL) values (25,'제목','서준식','내용','2021-05-16',200000,'학교 및 단체');
Insert into SEMI_KH.DONATION_LIST (DONA_NO,DONA_TITLE,DONA_WRITER,DONA_CONTENT,DONA_DATE,PA_AMOUNT,PA_LEVEL) values (26,'제목12','서준식2212','내용2212','2021-05-16',200000,'학교 및 단체');
Insert into SEMI_KH.DONATION_LIST (DONA_NO,DONA_TITLE,DONA_WRITER,DONA_CONTENT,DONA_DATE,PA_AMOUNT,PA_LEVEL) values (41,'행복하자','서준식','애들아 이돈으로 맛있는거 사먹으렴','2021-05-18',500000,'법인');
Insert into SEMI_KH.DONATION_LIST (DONA_NO,DONA_TITLE,DONA_WRITER,DONA_CONTENT,DONA_DATE,PA_AMOUNT,PA_LEVEL) values (31,'제목','작성자','내용','2021-05-17',2000000,'기업');
Insert into SEMI_KH.DONATION_LIST (DONA_NO,DONA_TITLE,DONA_WRITER,DONA_CONTENT,DONA_DATE,PA_AMOUNT,PA_LEVEL) values (32,'제목','작성자','내용','2021-05-17',2000000,'기업');
Insert into SEMI_KH.DONATION_LIST (DONA_NO,DONA_TITLE,DONA_WRITER,DONA_CONTENT,DONA_DATE,PA_AMOUNT,PA_LEVEL) values (33,'제목','작성자','내용','2021-05-17',500000,'개인');
Insert into SEMI_KH.DONATION_LIST (DONA_NO,DONA_TITLE,DONA_WRITER,DONA_CONTENT,DONA_DATE,PA_AMOUNT,PA_LEVEL) values (34,'123','123','123','2021-05-17',100000,'학교 및 단체');
Insert into SEMI_KH.DONATION_LIST (DONA_NO,DONA_TITLE,DONA_WRITER,DONA_CONTENT,DONA_DATE,PA_AMOUNT,PA_LEVEL) values (35,'애들아','서준식','행복하자 애들아 아자아자','2021-05-17',500000,'법인');
Insert into SEMI_KH.DONATION_LIST (DONA_NO,DONA_TITLE,DONA_WRITER,DONA_CONTENT,DONA_DATE,PA_AMOUNT,PA_LEVEL) values (36,'애들아','지흠','힘내자 아자아자','2021-05-17',200000,'법인');
Insert into SEMI_KH.DONATION_LIST (DONA_NO,DONA_TITLE,DONA_WRITER,DONA_CONTENT,DONA_DATE,PA_AMOUNT,PA_LEVEL) values (42,'123','서준식','123','2021-05-18',2500000,'학교 및 단체');
Insert into SEMI_KH.DONATION_LIST (DONA_NO,DONA_TITLE,DONA_WRITER,DONA_CONTENT,DONA_DATE,PA_AMOUNT,PA_LEVEL) values (43,'애들아','지흠','내가 쏜다','2021-05-18',3200000,'학교 및 단체');
Insert into SEMI_KH.DONATION_LIST (DONA_NO,DONA_TITLE,DONA_WRITER,DONA_CONTENT,DONA_DATE,PA_AMOUNT,PA_LEVEL) values (44,'애들아','지흠','힘내장 아자아자','2021-05-18',1700000,'법인');
Insert into SEMI_KH.DONATION_LIST (DONA_NO,DONA_TITLE,DONA_WRITER,DONA_CONTENT,DONA_DATE,PA_AMOUNT,PA_LEVEL) values (48,'ㅗㅓㅏ','지흠','ㅗㅓㅏㅡ','2021-05-20',100000,'학교 및 단체');
Insert into SEMI_KH.DONATION_LIST (DONA_NO,DONA_TITLE,DONA_WRITER,DONA_CONTENT,DONA_DATE,PA_AMOUNT,PA_LEVEL) values (46,'아장','지흠','항상 행복하렴!','2021-05-20',30000,'학교 및 단체');
Insert into SEMI_KH.DONATION_LIST (DONA_NO,DONA_TITLE,DONA_WRITER,DONA_CONTENT,DONA_DATE,PA_AMOUNT,PA_LEVEL) values (47,'123','지흠','123','2021-05-20',100000,'법인');
Insert into SEMI_KH.DONATION_LIST (DONA_NO,DONA_TITLE,DONA_WRITER,DONA_CONTENT,DONA_DATE,PA_AMOUNT,PA_LEVEL) values (49,'애들아','지흠','애들아 항상건강하고 좋은 어른이 되렴~~','2021-05-20',5000,'학교 및 단체');
Insert into SEMI_KH.DONATION_LIST (DONA_NO,DONA_TITLE,DONA_WRITER,DONA_CONTENT,DONA_DATE,PA_AMOUNT,PA_LEVEL) values (50,'아이들아!','서준식','큰돈은 아니지만 이돈으로 행복했으면 좋겠다!','2021-05-20',2000000,'개인');
Insert into SEMI_KH.DONATION_LIST (DONA_NO,DONA_TITLE,DONA_WRITER,DONA_CONTENT,DONA_DATE,PA_AMOUNT,PA_LEVEL) values (51,'아이들아!','백지흠','나혼자 배부른것보다 여러분과 배부르고싶어요','2021-05-20',2000000,'기업');
Insert into SEMI_KH.DONATION_LIST (DONA_NO,DONA_TITLE,DONA_WRITER,DONA_CONTENT,DONA_DATE,PA_AMOUNT,PA_LEVEL) values (52,'아이들아!','박성우','커서 꼭 좋은 어른이 되렴!','2021-05-20',2000000,'학교 및 단체');
Insert into SEMI_KH.DONATION_LIST (DONA_NO,DONA_TITLE,DONA_WRITER,DONA_CONTENT,DONA_DATE,PA_AMOUNT,PA_LEVEL) values (53,'아이들아!','강은현','애들아 커서 행복하고, 꽃길만 걸으렴','2021-05-20',2000000,'개인');
Insert into SEMI_KH.DONATION_LIST (DONA_NO,DONA_TITLE,DONA_WRITER,DONA_CONTENT,DONA_DATE,PA_AMOUNT,PA_LEVEL) values (54,'아이들아!','양원주','전 미래를 위해 지금 이순간 후원을 합니다','2021-05-20',2000000,'기업');
Insert into SEMI_KH.DONATION_LIST (DONA_NO,DONA_TITLE,DONA_WRITER,DONA_CONTENT,DONA_DATE,PA_AMOUNT,PA_LEVEL) values (55,'아이들아!','홍수연','여러분 저랑 같이 후원합시다!!!!!','2021-05-20',2000000,'학교 및 단체');
Insert into SEMI_KH.DONATION_LIST (DONA_NO,DONA_TITLE,DONA_WRITER,DONA_CONTENT,DONA_DATE,PA_AMOUNT,PA_LEVEL) values (56,'아이들아!','서준식','큰돈은 아니지만 이돈으로 행복했으면 좋겠다!','2021-05-20',2000000,'개인');
Insert into SEMI_KH.DONATION_LIST (DONA_NO,DONA_TITLE,DONA_WRITER,DONA_CONTENT,DONA_DATE,PA_AMOUNT,PA_LEVEL) values (57,'아이들아!','백지흠','나혼자 배부른것보다 여러분과 배부르고싶어요','2021-05-20',2000000,'기업');
Insert into SEMI_KH.DONATION_LIST (DONA_NO,DONA_TITLE,DONA_WRITER,DONA_CONTENT,DONA_DATE,PA_AMOUNT,PA_LEVEL) values (58,'아이들아!','박성우','커서 꼭 좋은 어른이 되렴!','2021-05-20',2000000,'학교 및 단체');
Insert into SEMI_KH.DONATION_LIST (DONA_NO,DONA_TITLE,DONA_WRITER,DONA_CONTENT,DONA_DATE,PA_AMOUNT,PA_LEVEL) values (59,'아이들아!','강은현','애들아 커서 행복하고, 꽃길만 걸으렴','2021-05-20',2000000,'개인');
Insert into SEMI_KH.DONATION_LIST (DONA_NO,DONA_TITLE,DONA_WRITER,DONA_CONTENT,DONA_DATE,PA_AMOUNT,PA_LEVEL) values (60,'아이들아!','양원주','전 미래를 위해 지금 이순간 후원을 합니다','2021-05-20',2000000,'기업');
Insert into SEMI_KH.DONATION_LIST (DONA_NO,DONA_TITLE,DONA_WRITER,DONA_CONTENT,DONA_DATE,PA_AMOUNT,PA_LEVEL) values (61,'아이들아!','홍수연','여러분 저랑 같이 후원합시다!!!!!','2021-05-20',2000000,'학교 및 단체');
Insert into SEMI_KH.DONATION_LIST (DONA_NO,DONA_TITLE,DONA_WRITER,DONA_CONTENT,DONA_DATE,PA_AMOUNT,PA_LEVEL) values (62,'아이들아!','서준식','큰돈은 아니지만 이돈으로 행복했으면 좋겠다!','2021-05-20',2000000,'개인');
Insert into SEMI_KH.DONATION_LIST (DONA_NO,DONA_TITLE,DONA_WRITER,DONA_CONTENT,DONA_DATE,PA_AMOUNT,PA_LEVEL) values (63,'아이들아!','백지흠','나혼자 배부른것보다 여러분과 배부르고싶어요','2021-05-20',2000000,'기업');
Insert into SEMI_KH.DONATION_LIST (DONA_NO,DONA_TITLE,DONA_WRITER,DONA_CONTENT,DONA_DATE,PA_AMOUNT,PA_LEVEL) values (64,'아이들아!','박성우','커서 꼭 좋은 어른이 되렴!','2021-05-20',2000000,'학교 및 단체');
Insert into SEMI_KH.DONATION_LIST (DONA_NO,DONA_TITLE,DONA_WRITER,DONA_CONTENT,DONA_DATE,PA_AMOUNT,PA_LEVEL) values (65,'아이들아!','강은현','애들아 커서 행복하고, 꽃길만 걸으렴','2021-05-20',2000000,'개인');
Insert into SEMI_KH.DONATION_LIST (DONA_NO,DONA_TITLE,DONA_WRITER,DONA_CONTENT,DONA_DATE,PA_AMOUNT,PA_LEVEL) values (66,'아이들아!','양원주','전 미래를 위해 지금 이순간 후원을 합니다','2021-05-20',2000000,'기업');
Insert into SEMI_KH.DONATION_LIST (DONA_NO,DONA_TITLE,DONA_WRITER,DONA_CONTENT,DONA_DATE,PA_AMOUNT,PA_LEVEL) values (67,'아이들아!','홍수연','여러분 저랑 같이 후원합시다!!!!!','2021-05-20',2000000,'학교 및 단체');
Insert into SEMI_KH.DONATION_LIST (DONA_NO,DONA_TITLE,DONA_WRITER,DONA_CONTENT,DONA_DATE,PA_AMOUNT,PA_LEVEL) values (68,'아이들아!','서준식','큰돈은 아니지만 이돈으로 행복했으면 좋겠다!','2021-05-20',2000000,'개인');
Insert into SEMI_KH.DONATION_LIST (DONA_NO,DONA_TITLE,DONA_WRITER,DONA_CONTENT,DONA_DATE,PA_AMOUNT,PA_LEVEL) values (69,'아이들아!','백지흠','나혼자 배부른것보다 여러분과 배부르고싶어요','2021-05-20',2000000,'기업');
Insert into SEMI_KH.DONATION_LIST (DONA_NO,DONA_TITLE,DONA_WRITER,DONA_CONTENT,DONA_DATE,PA_AMOUNT,PA_LEVEL) values (70,'아이들아!','박성우','커서 꼭 좋은 어른이 되렴!','2021-05-20',2000000,'학교 및 단체');
Insert into SEMI_KH.DONATION_LIST (DONA_NO,DONA_TITLE,DONA_WRITER,DONA_CONTENT,DONA_DATE,PA_AMOUNT,PA_LEVEL) values (71,'아이들아!','강은현','애들아 커서 행복하고, 꽃길만 걸으렴','2021-05-20',2000000,'개인');
Insert into SEMI_KH.DONATION_LIST (DONA_NO,DONA_TITLE,DONA_WRITER,DONA_CONTENT,DONA_DATE,PA_AMOUNT,PA_LEVEL) values (72,'아이들아!','양원주','전 미래를 위해 지금 이순간 후원을 합니다','2021-05-20',2000000,'기업');
Insert into SEMI_KH.DONATION_LIST (DONA_NO,DONA_TITLE,DONA_WRITER,DONA_CONTENT,DONA_DATE,PA_AMOUNT,PA_LEVEL) values (73,'아이들아!','홍수연','여러분 저랑 같이 후원합시다!!!!!','2021-05-20',2000000,'학교 및 단체');
Insert into SEMI_KH.DONATION_LIST (DONA_NO,DONA_TITLE,DONA_WRITER,DONA_CONTENT,DONA_DATE,PA_AMOUNT,PA_LEVEL) values (74,'아이들아!','서준식','큰돈은 아니지만 이돈으로 행복했으면 좋겠다!','2021-05-20',2000000,'개인');
Insert into SEMI_KH.DONATION_LIST (DONA_NO,DONA_TITLE,DONA_WRITER,DONA_CONTENT,DONA_DATE,PA_AMOUNT,PA_LEVEL) values (75,'아이들아!','백지흠','나혼자 배부른것보다 여러분과 배부르고싶어요','2021-05-20',2000000,'기업');
Insert into SEMI_KH.DONATION_LIST (DONA_NO,DONA_TITLE,DONA_WRITER,DONA_CONTENT,DONA_DATE,PA_AMOUNT,PA_LEVEL) values (76,'아이들아!','박성우','커서 꼭 좋은 어른이 되렴!','2021-05-20',2000000,'학교 및 단체');
Insert into SEMI_KH.DONATION_LIST (DONA_NO,DONA_TITLE,DONA_WRITER,DONA_CONTENT,DONA_DATE,PA_AMOUNT,PA_LEVEL) values (77,'아이들아!','강은현','애들아 커서 행복하고, 꽃길만 걸으렴','2021-05-20',2000000,'개인');
Insert into SEMI_KH.DONATION_LIST (DONA_NO,DONA_TITLE,DONA_WRITER,DONA_CONTENT,DONA_DATE,PA_AMOUNT,PA_LEVEL) values (78,'아이들아!','양원주','전 미래를 위해 지금 이순간 후원을 합니다','2021-05-20',2000000,'기업');
Insert into SEMI_KH.DONATION_LIST (DONA_NO,DONA_TITLE,DONA_WRITER,DONA_CONTENT,DONA_DATE,PA_AMOUNT,PA_LEVEL) values (79,'아이들아!','홍수연','여러분 저랑 같이 후원합시다!!!!!','2021-05-20',2000000,'학교 및 단체');
Insert into SEMI_KH.DONATION_LIST (DONA_NO,DONA_TITLE,DONA_WRITER,DONA_CONTENT,DONA_DATE,PA_AMOUNT,PA_LEVEL) values (80,'아이들아!','서준식','큰돈은 아니지만 이돈으로 행복했으면 좋겠다!','2021-05-20',2000000,'개인');
Insert into SEMI_KH.DONATION_LIST (DONA_NO,DONA_TITLE,DONA_WRITER,DONA_CONTENT,DONA_DATE,PA_AMOUNT,PA_LEVEL) values (81,'아이들아!','백지흠','나혼자 배부른것보다 여러분과 배부르고싶어요','2021-05-20',2000000,'기업');
Insert into SEMI_KH.DONATION_LIST (DONA_NO,DONA_TITLE,DONA_WRITER,DONA_CONTENT,DONA_DATE,PA_AMOUNT,PA_LEVEL) values (82,'아이들아!','박성우','커서 꼭 좋은 어른이 되렴!','2021-05-20',2000000,'학교 및 단체');
Insert into SEMI_KH.DONATION_LIST (DONA_NO,DONA_TITLE,DONA_WRITER,DONA_CONTENT,DONA_DATE,PA_AMOUNT,PA_LEVEL) values (83,'아이들아!','강은현','애들아 커서 행복하고, 꽃길만 걸으렴','2021-05-20',2000000,'개인');
Insert into SEMI_KH.DONATION_LIST (DONA_NO,DONA_TITLE,DONA_WRITER,DONA_CONTENT,DONA_DATE,PA_AMOUNT,PA_LEVEL) values (84,'아이들아!','양원주','전 미래를 위해 지금 이순간 후원을 합니다','2021-05-20',2000000,'기업');
Insert into SEMI_KH.DONATION_LIST (DONA_NO,DONA_TITLE,DONA_WRITER,DONA_CONTENT,DONA_DATE,PA_AMOUNT,PA_LEVEL) values (85,'아이들아!','홍수연','여러분 저랑 같이 후원합시다!!!!!','2021-05-20',2000000,'학교 및 단체');
Insert into SEMI_KH.DONATION_LIST (DONA_NO,DONA_TITLE,DONA_WRITER,DONA_CONTENT,DONA_DATE,PA_AMOUNT,PA_LEVEL) values (86,'아이들아!','서준식','큰돈은 아니지만 이돈으로 행복했으면 좋겠다!','2021-05-20',2000000,'개인');
Insert into SEMI_KH.DONATION_LIST (DONA_NO,DONA_TITLE,DONA_WRITER,DONA_CONTENT,DONA_DATE,PA_AMOUNT,PA_LEVEL) values (87,'아이들아!','백지흠','나혼자 배부른것보다 여러분과 배부르고싶어요','2021-05-20',2000000,'기업');
Insert into SEMI_KH.DONATION_LIST (DONA_NO,DONA_TITLE,DONA_WRITER,DONA_CONTENT,DONA_DATE,PA_AMOUNT,PA_LEVEL) values (88,'아이들아!','박성우','커서 꼭 좋은 어른이 되렴!','2021-05-20',2000000,'학교 및 단체');
Insert into SEMI_KH.DONATION_LIST (DONA_NO,DONA_TITLE,DONA_WRITER,DONA_CONTENT,DONA_DATE,PA_AMOUNT,PA_LEVEL) values (89,'아이들아!','강은현','애들아 커서 행복하고, 꽃길만 걸으렴','2021-05-20',2000000,'개인');
Insert into SEMI_KH.DONATION_LIST (DONA_NO,DONA_TITLE,DONA_WRITER,DONA_CONTENT,DONA_DATE,PA_AMOUNT,PA_LEVEL) values (90,'아이들아!','양원주','전 미래를 위해 지금 이순간 후원을 합니다','2021-05-20',2000000,'기업');
Insert into SEMI_KH.DONATION_LIST (DONA_NO,DONA_TITLE,DONA_WRITER,DONA_CONTENT,DONA_DATE,PA_AMOUNT,PA_LEVEL) values (91,'아이들아!','홍수연','여러분 저랑 같이 후원합시다!!!!!','2021-05-20',2000000,'학교 및 단체');
Insert into SEMI_KH.DONATION_LIST (DONA_NO,DONA_TITLE,DONA_WRITER,DONA_CONTENT,DONA_DATE,PA_AMOUNT,PA_LEVEL) values (92,'아이들아!','서준식','큰돈은 아니지만 이돈으로 행복했으면 좋겠다!','2021-05-20',2000000,'개인');
Insert into SEMI_KH.DONATION_LIST (DONA_NO,DONA_TITLE,DONA_WRITER,DONA_CONTENT,DONA_DATE,PA_AMOUNT,PA_LEVEL) values (93,'아이들아!','백지흠','나혼자 배부른것보다 여러분과 배부르고싶어요','2021-05-20',2000000,'기업');
Insert into SEMI_KH.DONATION_LIST (DONA_NO,DONA_TITLE,DONA_WRITER,DONA_CONTENT,DONA_DATE,PA_AMOUNT,PA_LEVEL) values (94,'아이들아!','박성우','커서 꼭 좋은 어른이 되렴!','2021-05-20',2000000,'학교 및 단체');
Insert into SEMI_KH.DONATION_LIST (DONA_NO,DONA_TITLE,DONA_WRITER,DONA_CONTENT,DONA_DATE,PA_AMOUNT,PA_LEVEL) values (95,'아이들아!','강은현','애들아 커서 행복하고, 꽃길만 걸으렴','2021-05-20',2000000,'개인');
Insert into SEMI_KH.DONATION_LIST (DONA_NO,DONA_TITLE,DONA_WRITER,DONA_CONTENT,DONA_DATE,PA_AMOUNT,PA_LEVEL) values (96,'아이들아!','양원주','전 미래를 위해 지금 이순간 후원을 합니다','2021-05-20',2000000,'기업');
Insert into SEMI_KH.DONATION_LIST (DONA_NO,DONA_TITLE,DONA_WRITER,DONA_CONTENT,DONA_DATE,PA_AMOUNT,PA_LEVEL) values (97,'아이들아!','홍수연','여러분 저랑 같이 후원합시다!!!!!','2021-05-20',2000000,'학교 및 단체');
Insert into SEMI_KH.DONATION_LIST (DONA_NO,DONA_TITLE,DONA_WRITER,DONA_CONTENT,DONA_DATE,PA_AMOUNT,PA_LEVEL) values (98,'아이들아!','서준식','큰돈은 아니지만 이돈으로 행복했으면 좋겠다!','2021-05-20',2000000,'개인');
Insert into SEMI_KH.DONATION_LIST (DONA_NO,DONA_TITLE,DONA_WRITER,DONA_CONTENT,DONA_DATE,PA_AMOUNT,PA_LEVEL) values (99,'아이들아!','백지흠','나혼자 배부른것보다 여러분과 배부르고싶어요','2021-05-20',2000000,'기업');
Insert into SEMI_KH.DONATION_LIST (DONA_NO,DONA_TITLE,DONA_WRITER,DONA_CONTENT,DONA_DATE,PA_AMOUNT,PA_LEVEL) values (100,'아이들아!','박성우','커서 꼭 좋은 어른이 되렴!','2021-05-20',2000000,'학교 및 단체');
Insert into SEMI_KH.DONATION_LIST (DONA_NO,DONA_TITLE,DONA_WRITER,DONA_CONTENT,DONA_DATE,PA_AMOUNT,PA_LEVEL) values (101,'아이들아!','강은현','애들아 커서 행복하고, 꽃길만 걸으렴','2021-05-20',2000000,'개인');
Insert into SEMI_KH.DONATION_LIST (DONA_NO,DONA_TITLE,DONA_WRITER,DONA_CONTENT,DONA_DATE,PA_AMOUNT,PA_LEVEL) values (102,'아이들아!','양원주','전 미래를 위해 지금 이순간 후원을 합니다','2021-05-20',2000000,'기업');
Insert into SEMI_KH.DONATION_LIST (DONA_NO,DONA_TITLE,DONA_WRITER,DONA_CONTENT,DONA_DATE,PA_AMOUNT,PA_LEVEL) values (103,'아이들아!','홍수연','여러분 저랑 같이 후원합시다!!!!!','2021-05-20',2000000,'학교 및 단체');
Insert into SEMI_KH.DONATION_LIST (DONA_NO,DONA_TITLE,DONA_WRITER,DONA_CONTENT,DONA_DATE,PA_AMOUNT,PA_LEVEL) values (104,'아이들아!','서준식','큰돈은 아니지만 이돈으로 행복했으면 좋겠다!','2021-05-20',2000000,'개인');
Insert into SEMI_KH.DONATION_LIST (DONA_NO,DONA_TITLE,DONA_WRITER,DONA_CONTENT,DONA_DATE,PA_AMOUNT,PA_LEVEL) values (105,'아이들아!','백지흠','나혼자 배부른것보다 여러분과 배부르고싶어요','2021-05-20',2000000,'기업');
Insert into SEMI_KH.DONATION_LIST (DONA_NO,DONA_TITLE,DONA_WRITER,DONA_CONTENT,DONA_DATE,PA_AMOUNT,PA_LEVEL) values (106,'아이들아!','박성우','커서 꼭 좋은 어른이 되렴!','2021-05-20',2000000,'학교 및 단체');
Insert into SEMI_KH.DONATION_LIST (DONA_NO,DONA_TITLE,DONA_WRITER,DONA_CONTENT,DONA_DATE,PA_AMOUNT,PA_LEVEL) values (107,'아이들아!','강은현','애들아 커서 행복하고, 꽃길만 걸으렴','2021-05-20',2000000,'개인');
Insert into SEMI_KH.DONATION_LIST (DONA_NO,DONA_TITLE,DONA_WRITER,DONA_CONTENT,DONA_DATE,PA_AMOUNT,PA_LEVEL) values (108,'아이들아!','양원주','전 미래를 위해 지금 이순간 후원을 합니다','2021-05-20',2000000,'기업');
Insert into SEMI_KH.DONATION_LIST (DONA_NO,DONA_TITLE,DONA_WRITER,DONA_CONTENT,DONA_DATE,PA_AMOUNT,PA_LEVEL) values (109,'아이들아!','홍수연','여러분 저랑 같이 후원합시다!!!!!','2021-05-20',2000000,'학교 및 단체');
Insert into SEMI_KH.DONATION_LIST (DONA_NO,DONA_TITLE,DONA_WRITER,DONA_CONTENT,DONA_DATE,PA_AMOUNT,PA_LEVEL) values (110,'아이들아!','서준식','큰돈은 아니지만 이돈으로 행복했으면 좋겠다!','2021-05-20',10000000,'개인');
Insert into SEMI_KH.DONATION_LIST (DONA_NO,DONA_TITLE,DONA_WRITER,DONA_CONTENT,DONA_DATE,PA_AMOUNT,PA_LEVEL) values (111,'아이들아!','백지흠','나혼자 배부른것보다 여러분과 배부르고싶어요','2021-05-20',5000000,'기업');
Insert into SEMI_KH.DONATION_LIST (DONA_NO,DONA_TITLE,DONA_WRITER,DONA_CONTENT,DONA_DATE,PA_AMOUNT,PA_LEVEL) values (112,'아이들아!','박성우','커서 꼭 좋은 어른이 되렴!','2021-05-20',2000600,'학교 및 단체');
Insert into SEMI_KH.DONATION_LIST (DONA_NO,DONA_TITLE,DONA_WRITER,DONA_CONTENT,DONA_DATE,PA_AMOUNT,PA_LEVEL) values (113,'아이들아!','강은현','애들아 커서 행복하고, 꽃길만 걸으렴','2021-05-20',1000000,'개인');
Insert into SEMI_KH.DONATION_LIST (DONA_NO,DONA_TITLE,DONA_WRITER,DONA_CONTENT,DONA_DATE,PA_AMOUNT,PA_LEVEL) values (114,'아이들아!','양원주','전 미래를 위해 지금 이순간 후원을 합니다','2021-05-20',2700000,'기업');
Insert into SEMI_KH.DONATION_LIST (DONA_NO,DONA_TITLE,DONA_WRITER,DONA_CONTENT,DONA_DATE,PA_AMOUNT,PA_LEVEL) values (115,'아이들아!','홍수연','여러분 저랑 같이 후원합시다!!!!!','2021-05-20',6060000,'학교 및 단체');
Insert into SEMI_KH.DONATION_LIST (DONA_NO,DONA_TITLE,DONA_WRITER,DONA_CONTENT,DONA_DATE,PA_AMOUNT,PA_LEVEL) values (116,'아이들아!','서준식','큰돈은 아니지만 이돈으로 행복했으면 좋겠다!','2021-05-20',10000000,'개인');
Insert into SEMI_KH.DONATION_LIST (DONA_NO,DONA_TITLE,DONA_WRITER,DONA_CONTENT,DONA_DATE,PA_AMOUNT,PA_LEVEL) values (117,'아이들아!','백지흠','나혼자 배부른것보다 여러분과 배부르고싶어요','2021-05-20',5000000,'기업');
Insert into SEMI_KH.DONATION_LIST (DONA_NO,DONA_TITLE,DONA_WRITER,DONA_CONTENT,DONA_DATE,PA_AMOUNT,PA_LEVEL) values (118,'아이들아!','박성우','커서 꼭 좋은 어른이 되렴!','2021-05-20',2000600,'학교 및 단체');
Insert into SEMI_KH.DONATION_LIST (DONA_NO,DONA_TITLE,DONA_WRITER,DONA_CONTENT,DONA_DATE,PA_AMOUNT,PA_LEVEL) values (119,'아이들아!','강은현','애들아 커서 행복하고, 꽃길만 걸으렴','2021-05-20',1000000,'개인');
Insert into SEMI_KH.DONATION_LIST (DONA_NO,DONA_TITLE,DONA_WRITER,DONA_CONTENT,DONA_DATE,PA_AMOUNT,PA_LEVEL) values (120,'아이들아!','양원주','전 미래를 위해 지금 이순간 후원을 합니다','2021-05-20',2700000,'기업');
Insert into SEMI_KH.DONATION_LIST (DONA_NO,DONA_TITLE,DONA_WRITER,DONA_CONTENT,DONA_DATE,PA_AMOUNT,PA_LEVEL) values (121,'아이들아!','홍수연','여러분 저랑 같이 후원합시다!!!!!','2021-05-20',6060000,'학교 및 단체');
Insert into SEMI_KH.DONATION_LIST (DONA_NO,DONA_TITLE,DONA_WRITER,DONA_CONTENT,DONA_DATE,PA_AMOUNT,PA_LEVEL) values (122,'아이들아!','서준식','큰돈은 아니지만 이돈으로 행복했으면 좋겠다!','2021-05-20',10000000,'개인');
Insert into SEMI_KH.DONATION_LIST (DONA_NO,DONA_TITLE,DONA_WRITER,DONA_CONTENT,DONA_DATE,PA_AMOUNT,PA_LEVEL) values (123,'아이들아!','백지흠','나혼자 배부른것보다 여러분과 배부르고싶어요','2021-05-20',5000000,'기업');
Insert into SEMI_KH.DONATION_LIST (DONA_NO,DONA_TITLE,DONA_WRITER,DONA_CONTENT,DONA_DATE,PA_AMOUNT,PA_LEVEL) values (124,'아이들아!','박성우','커서 꼭 좋은 어른이 되렴!','2021-05-20',2000600,'학교 및 단체');
Insert into SEMI_KH.DONATION_LIST (DONA_NO,DONA_TITLE,DONA_WRITER,DONA_CONTENT,DONA_DATE,PA_AMOUNT,PA_LEVEL) values (125,'아이들아!','강은현','애들아 커서 행복하고, 꽃길만 걸으렴','2021-05-20',1000000,'개인');
Insert into SEMI_KH.DONATION_LIST (DONA_NO,DONA_TITLE,DONA_WRITER,DONA_CONTENT,DONA_DATE,PA_AMOUNT,PA_LEVEL) values (126,'아이들아!','양원주','전 미래를 위해 지금 이순간 후원을 합니다','2021-05-20',2700000,'기업');
Insert into SEMI_KH.DONATION_LIST (DONA_NO,DONA_TITLE,DONA_WRITER,DONA_CONTENT,DONA_DATE,PA_AMOUNT,PA_LEVEL) values (127,'아이들아!','홍수연','여러분 저랑 같이 후원합시다!!!!!','2021-05-20',6060000,'학교 및 단체');
Insert into SEMI_KH.DONATION_LIST (DONA_NO,DONA_TITLE,DONA_WRITER,DONA_CONTENT,DONA_DATE,PA_AMOUNT,PA_LEVEL) values (128,'아이들아!','서준식','큰돈은 아니지만 이돈으로 행복했으면 좋겠다!','2021-05-20',10000000,'개인');
Insert into SEMI_KH.DONATION_LIST (DONA_NO,DONA_TITLE,DONA_WRITER,DONA_CONTENT,DONA_DATE,PA_AMOUNT,PA_LEVEL) values (129,'아이들아!','백지흠','나혼자 배부른것보다 여러분과 배부르고싶어요','2021-05-20',5000000,'기업');
Insert into SEMI_KH.DONATION_LIST (DONA_NO,DONA_TITLE,DONA_WRITER,DONA_CONTENT,DONA_DATE,PA_AMOUNT,PA_LEVEL) values (130,'아이들아!','박성우','커서 꼭 좋은 어른이 되렴!','2021-05-20',2000600,'학교 및 단체');
Insert into SEMI_KH.DONATION_LIST (DONA_NO,DONA_TITLE,DONA_WRITER,DONA_CONTENT,DONA_DATE,PA_AMOUNT,PA_LEVEL) values (131,'아이들아!','강은현','애들아 커서 행복하고, 꽃길만 걸으렴','2021-05-20',1000000,'개인');
Insert into SEMI_KH.DONATION_LIST (DONA_NO,DONA_TITLE,DONA_WRITER,DONA_CONTENT,DONA_DATE,PA_AMOUNT,PA_LEVEL) values (132,'아이들아!','양원주','전 미래를 위해 지금 이순간 후원을 합니다','2021-05-20',2700000,'기업');
Insert into SEMI_KH.DONATION_LIST (DONA_NO,DONA_TITLE,DONA_WRITER,DONA_CONTENT,DONA_DATE,PA_AMOUNT,PA_LEVEL) values (133,'아이들아!','홍수연','여러분 저랑 같이 후원합시다!!!!!','2021-05-20',6060000,'학교 및 단체');
Insert into SEMI_KH.DONATION_LIST (DONA_NO,DONA_TITLE,DONA_WRITER,DONA_CONTENT,DONA_DATE,PA_AMOUNT,PA_LEVEL) values (134,'아이들아!','서준식','큰돈은 아니지만 이돈으로 행복했으면 좋겠다!','2021-05-20',10000000,'개인');
Insert into SEMI_KH.DONATION_LIST (DONA_NO,DONA_TITLE,DONA_WRITER,DONA_CONTENT,DONA_DATE,PA_AMOUNT,PA_LEVEL) values (135,'아이들아!','백지흠','나혼자 배부른것보다 여러분과 배부르고싶어요','2021-05-20',5000000,'기업');
Insert into SEMI_KH.DONATION_LIST (DONA_NO,DONA_TITLE,DONA_WRITER,DONA_CONTENT,DONA_DATE,PA_AMOUNT,PA_LEVEL) values (136,'아이들아!','박성우','커서 꼭 좋은 어른이 되렴!','2021-05-20',2000600,'학교 및 단체');
Insert into SEMI_KH.DONATION_LIST (DONA_NO,DONA_TITLE,DONA_WRITER,DONA_CONTENT,DONA_DATE,PA_AMOUNT,PA_LEVEL) values (137,'아이들아!','강은현','애들아 커서 행복하고, 꽃길만 걸으렴','2021-05-20',1000000,'개인');
Insert into SEMI_KH.DONATION_LIST (DONA_NO,DONA_TITLE,DONA_WRITER,DONA_CONTENT,DONA_DATE,PA_AMOUNT,PA_LEVEL) values (138,'아이들아!','양원주','전 미래를 위해 지금 이순간 후원을 합니다','2021-05-20',2700000,'기업');
Insert into SEMI_KH.DONATION_LIST (DONA_NO,DONA_TITLE,DONA_WRITER,DONA_CONTENT,DONA_DATE,PA_AMOUNT,PA_LEVEL) values (139,'아이들아!','홍수연','여러분 저랑 같이 후원합시다!!!!!','2021-05-20',6060000,'학교 및 단체');
Insert into SEMI_KH.DONATION_LIST (DONA_NO,DONA_TITLE,DONA_WRITER,DONA_CONTENT,DONA_DATE,PA_AMOUNT,PA_LEVEL) values (140,'아이들아!','서준식','큰돈은 아니지만 이돈으로 행복했으면 좋겠다!','2021-05-20',10000000,'개인');
Insert into SEMI_KH.DONATION_LIST (DONA_NO,DONA_TITLE,DONA_WRITER,DONA_CONTENT,DONA_DATE,PA_AMOUNT,PA_LEVEL) values (141,'아이들아!','백지흠','나혼자 배부른것보다 여러분과 배부르고싶어요','2021-05-20',5000000,'기업');
Insert into SEMI_KH.DONATION_LIST (DONA_NO,DONA_TITLE,DONA_WRITER,DONA_CONTENT,DONA_DATE,PA_AMOUNT,PA_LEVEL) values (142,'아이들아!','박성우','커서 꼭 좋은 어른이 되렴!','2021-05-20',2000600,'학교 및 단체');
Insert into SEMI_KH.DONATION_LIST (DONA_NO,DONA_TITLE,DONA_WRITER,DONA_CONTENT,DONA_DATE,PA_AMOUNT,PA_LEVEL) values (143,'아이들아!','강은현','애들아 커서 행복하고, 꽃길만 걸으렴','2021-05-20',1000000,'개인');
Insert into SEMI_KH.DONATION_LIST (DONA_NO,DONA_TITLE,DONA_WRITER,DONA_CONTENT,DONA_DATE,PA_AMOUNT,PA_LEVEL) values (144,'아이들아!','양원주','전 미래를 위해 지금 이순간 후원을 합니다','2021-05-20',2700000,'기업');
Insert into SEMI_KH.DONATION_LIST (DONA_NO,DONA_TITLE,DONA_WRITER,DONA_CONTENT,DONA_DATE,PA_AMOUNT,PA_LEVEL) values (145,'아이들아!','홍수연','여러분 저랑 같이 후원합시다!!!!!','2021-05-20',6060000,'학교 및 단체');
Insert into SEMI_KH.DONATION_LIST (DONA_NO,DONA_TITLE,DONA_WRITER,DONA_CONTENT,DONA_DATE,PA_AMOUNT,PA_LEVEL) values (146,'아이들아!','서준식','큰돈은 아니지만 이돈으로 행복했으면 좋겠다!','2021-05-20',10000000,'개인');
Insert into SEMI_KH.DONATION_LIST (DONA_NO,DONA_TITLE,DONA_WRITER,DONA_CONTENT,DONA_DATE,PA_AMOUNT,PA_LEVEL) values (147,'아이들아!','백지흠','나혼자 배부른것보다 여러분과 배부르고싶어요','2021-05-20',5000000,'기업');
Insert into SEMI_KH.DONATION_LIST (DONA_NO,DONA_TITLE,DONA_WRITER,DONA_CONTENT,DONA_DATE,PA_AMOUNT,PA_LEVEL) values (148,'아이들아!','박성우','커서 꼭 좋은 어른이 되렴!','2021-05-20',2000600,'학교 및 단체');
Insert into SEMI_KH.DONATION_LIST (DONA_NO,DONA_TITLE,DONA_WRITER,DONA_CONTENT,DONA_DATE,PA_AMOUNT,PA_LEVEL) values (149,'아이들아!','강은현','애들아 커서 행복하고, 꽃길만 걸으렴','2021-05-20',1000000,'개인');
Insert into SEMI_KH.DONATION_LIST (DONA_NO,DONA_TITLE,DONA_WRITER,DONA_CONTENT,DONA_DATE,PA_AMOUNT,PA_LEVEL) values (150,'아이들아!','양원주','전 미래를 위해 지금 이순간 후원을 합니다','2021-05-20',2700000,'기업');
Insert into SEMI_KH.DONATION_LIST (DONA_NO,DONA_TITLE,DONA_WRITER,DONA_CONTENT,DONA_DATE,PA_AMOUNT,PA_LEVEL) values (151,'아이들아!','홍수연','여러분 저랑 같이 후원합시다!!!!!','2021-05-20',6060000,'학교 및 단체');
Insert into SEMI_KH.DONATION_LIST (DONA_NO,DONA_TITLE,DONA_WRITER,DONA_CONTENT,DONA_DATE,PA_AMOUNT,PA_LEVEL) values (152,'아이들아!','서준식','큰돈은 아니지만 이돈으로 행복했으면 좋겠다!','2021-05-20',10000000,'개인');
Insert into SEMI_KH.DONATION_LIST (DONA_NO,DONA_TITLE,DONA_WRITER,DONA_CONTENT,DONA_DATE,PA_AMOUNT,PA_LEVEL) values (153,'아이들아!','백지흠','나혼자 배부른것보다 여러분과 배부르고싶어요','2021-05-20',5000000,'기업');
Insert into SEMI_KH.DONATION_LIST (DONA_NO,DONA_TITLE,DONA_WRITER,DONA_CONTENT,DONA_DATE,PA_AMOUNT,PA_LEVEL) values (154,'아이들아!','박성우','커서 꼭 좋은 어른이 되렴!','2021-05-20',2000600,'학교 및 단체');
Insert into SEMI_KH.DONATION_LIST (DONA_NO,DONA_TITLE,DONA_WRITER,DONA_CONTENT,DONA_DATE,PA_AMOUNT,PA_LEVEL) values (155,'아이들아!','강은현','애들아 커서 행복하고, 꽃길만 걸으렴','2021-05-20',1000000,'개인');
Insert into SEMI_KH.DONATION_LIST (DONA_NO,DONA_TITLE,DONA_WRITER,DONA_CONTENT,DONA_DATE,PA_AMOUNT,PA_LEVEL) values (156,'아이들아!','양원주','전 미래를 위해 지금 이순간 후원을 합니다','2021-05-20',2700000,'기업');
Insert into SEMI_KH.DONATION_LIST (DONA_NO,DONA_TITLE,DONA_WRITER,DONA_CONTENT,DONA_DATE,PA_AMOUNT,PA_LEVEL) values (157,'아이들아!','홍수연','여러분 저랑 같이 후원합시다!!!!!','2021-05-20',6060000,'학교 및 단체');
Insert into SEMI_KH.DONATION_LIST (DONA_NO,DONA_TITLE,DONA_WRITER,DONA_CONTENT,DONA_DATE,PA_AMOUNT,PA_LEVEL) values (158,'아이들아!','서준식','큰돈은 아니지만 이돈으로 행복했으면 좋겠다!','2021-05-20',10000000,'개인');
Insert into SEMI_KH.DONATION_LIST (DONA_NO,DONA_TITLE,DONA_WRITER,DONA_CONTENT,DONA_DATE,PA_AMOUNT,PA_LEVEL) values (159,'아이들아!','백지흠','나혼자 배부른것보다 여러분과 배부르고싶어요','2021-05-20',5000000,'기업');
Insert into SEMI_KH.DONATION_LIST (DONA_NO,DONA_TITLE,DONA_WRITER,DONA_CONTENT,DONA_DATE,PA_AMOUNT,PA_LEVEL) values (160,'아이들아!','박성우','커서 꼭 좋은 어른이 되렴!','2021-05-20',2000600,'학교 및 단체');
Insert into SEMI_KH.DONATION_LIST (DONA_NO,DONA_TITLE,DONA_WRITER,DONA_CONTENT,DONA_DATE,PA_AMOUNT,PA_LEVEL) values (161,'아이들아!','강은현','애들아 커서 행복하고, 꽃길만 걸으렴','2021-05-20',1000000,'개인');
Insert into SEMI_KH.DONATION_LIST (DONA_NO,DONA_TITLE,DONA_WRITER,DONA_CONTENT,DONA_DATE,PA_AMOUNT,PA_LEVEL) values (162,'아이들아!','양원주','전 미래를 위해 지금 이순간 후원을 합니다','2021-05-20',2700000,'기업');
Insert into SEMI_KH.DONATION_LIST (DONA_NO,DONA_TITLE,DONA_WRITER,DONA_CONTENT,DONA_DATE,PA_AMOUNT,PA_LEVEL) values (163,'아이들아!','홍수연','여러분 저랑 같이 후원합시다!!!!!','2021-05-20',6060000,'학교 및 단체');
Insert into SEMI_KH.DONATION_LIST (DONA_NO,DONA_TITLE,DONA_WRITER,DONA_CONTENT,DONA_DATE,PA_AMOUNT,PA_LEVEL) values (164,'아이들아!','서준식','큰돈은 아니지만 이돈으로 행복했으면 좋겠다!','2021-05-20',10000000,'개인');
Insert into SEMI_KH.DONATION_LIST (DONA_NO,DONA_TITLE,DONA_WRITER,DONA_CONTENT,DONA_DATE,PA_AMOUNT,PA_LEVEL) values (165,'아이들아!','백지흠','나혼자 배부른것보다 여러분과 배부르고싶어요','2021-05-20',5000000,'기업');
Insert into SEMI_KH.DONATION_LIST (DONA_NO,DONA_TITLE,DONA_WRITER,DONA_CONTENT,DONA_DATE,PA_AMOUNT,PA_LEVEL) values (166,'아이들아!','박성우','커서 꼭 좋은 어른이 되렴!','2021-05-20',2000600,'학교 및 단체');
Insert into SEMI_KH.DONATION_LIST (DONA_NO,DONA_TITLE,DONA_WRITER,DONA_CONTENT,DONA_DATE,PA_AMOUNT,PA_LEVEL) values (167,'아이들아!','강은현','애들아 커서 행복하고, 꽃길만 걸으렴','2021-05-20',1000000,'개인');
Insert into SEMI_KH.DONATION_LIST (DONA_NO,DONA_TITLE,DONA_WRITER,DONA_CONTENT,DONA_DATE,PA_AMOUNT,PA_LEVEL) values (168,'아이들아!','양원주','전 미래를 위해 지금 이순간 후원을 합니다','2021-05-20',2700000,'기업');
Insert into SEMI_KH.DONATION_LIST (DONA_NO,DONA_TITLE,DONA_WRITER,DONA_CONTENT,DONA_DATE,PA_AMOUNT,PA_LEVEL) values (169,'아이들아!','홍수연','여러분 저랑 같이 후원합시다!!!!!','2021-05-20',6060000,'학교 및 단체');
Insert into SEMI_KH.DONATION_LIST (DONA_NO,DONA_TITLE,DONA_WRITER,DONA_CONTENT,DONA_DATE,PA_AMOUNT,PA_LEVEL) values (170,'아이들아!','서준식','큰돈은 아니지만 이돈으로 행복했으면 좋겠다!','2021-05-20',10000000,'개인');
Insert into SEMI_KH.DONATION_LIST (DONA_NO,DONA_TITLE,DONA_WRITER,DONA_CONTENT,DONA_DATE,PA_AMOUNT,PA_LEVEL) values (171,'아이들아!','백지흠','나혼자 배부른것보다 여러분과 배부르고싶어요','2021-05-20',5000000,'기업');
Insert into SEMI_KH.DONATION_LIST (DONA_NO,DONA_TITLE,DONA_WRITER,DONA_CONTENT,DONA_DATE,PA_AMOUNT,PA_LEVEL) values (172,'아이들아!','박성우','커서 꼭 좋은 어른이 되렴!','2021-05-20',2000600,'학교 및 단체');
Insert into SEMI_KH.DONATION_LIST (DONA_NO,DONA_TITLE,DONA_WRITER,DONA_CONTENT,DONA_DATE,PA_AMOUNT,PA_LEVEL) values (173,'아이들아!','강은현','애들아 커서 행복하고, 꽃길만 걸으렴','2021-05-20',1000000,'개인');
Insert into SEMI_KH.DONATION_LIST (DONA_NO,DONA_TITLE,DONA_WRITER,DONA_CONTENT,DONA_DATE,PA_AMOUNT,PA_LEVEL) values (174,'아이들아!','양원주','전 미래를 위해 지금 이순간 후원을 합니다','2021-05-20',2700000,'기업');
Insert into SEMI_KH.DONATION_LIST (DONA_NO,DONA_TITLE,DONA_WRITER,DONA_CONTENT,DONA_DATE,PA_AMOUNT,PA_LEVEL) values (175,'아이들아!','홍수연','여러분 저랑 같이 후원합시다!!!!!','2021-05-20',6060000,'학교 및 단체');
Insert into SEMI_KH.DONATION_LIST (DONA_NO,DONA_TITLE,DONA_WRITER,DONA_CONTENT,DONA_DATE,PA_AMOUNT,PA_LEVEL) values (176,'아이들아!','서준식','큰돈은 아니지만 이돈으로 행복했으면 좋겠다!','2021-05-20',10000000,'개인');
Insert into SEMI_KH.DONATION_LIST (DONA_NO,DONA_TITLE,DONA_WRITER,DONA_CONTENT,DONA_DATE,PA_AMOUNT,PA_LEVEL) values (177,'아이들아!','백지흠','나혼자 배부른것보다 여러분과 배부르고싶어요','2021-05-20',5000000,'기업');
Insert into SEMI_KH.DONATION_LIST (DONA_NO,DONA_TITLE,DONA_WRITER,DONA_CONTENT,DONA_DATE,PA_AMOUNT,PA_LEVEL) values (178,'아이들아!','박성우','커서 꼭 좋은 어른이 되렴!','2021-05-20',2000600,'학교 및 단체');
Insert into SEMI_KH.DONATION_LIST (DONA_NO,DONA_TITLE,DONA_WRITER,DONA_CONTENT,DONA_DATE,PA_AMOUNT,PA_LEVEL) values (179,'아이들아!','강은현','애들아 커서 행복하고, 꽃길만 걸으렴','2021-05-20',1000000,'개인');
Insert into SEMI_KH.DONATION_LIST (DONA_NO,DONA_TITLE,DONA_WRITER,DONA_CONTENT,DONA_DATE,PA_AMOUNT,PA_LEVEL) values (180,'아이들아!','양원주','전 미래를 위해 지금 이순간 후원을 합니다','2021-05-20',2700000,'기업');
Insert into SEMI_KH.DONATION_LIST (DONA_NO,DONA_TITLE,DONA_WRITER,DONA_CONTENT,DONA_DATE,PA_AMOUNT,PA_LEVEL) values (181,'아이들아!','홍수연','여러분 저랑 같이 후원합시다!!!!!','2021-05-20',6060000,'학교 및 단체');
Insert into SEMI_KH.DONATION_LIST (DONA_NO,DONA_TITLE,DONA_WRITER,DONA_CONTENT,DONA_DATE,PA_AMOUNT,PA_LEVEL) values (182,'아이들아!','서준식','큰돈은 아니지만 이돈으로 행복했으면 좋겠다!','2021-05-20',10000000,'개인');
Insert into SEMI_KH.DONATION_LIST (DONA_NO,DONA_TITLE,DONA_WRITER,DONA_CONTENT,DONA_DATE,PA_AMOUNT,PA_LEVEL) values (183,'아이들아!','백지흠','나혼자 배부른것보다 여러분과 배부르고싶어요','2021-05-20',5000000,'기업');
Insert into SEMI_KH.DONATION_LIST (DONA_NO,DONA_TITLE,DONA_WRITER,DONA_CONTENT,DONA_DATE,PA_AMOUNT,PA_LEVEL) values (184,'아이들아!','박성우','커서 꼭 좋은 어른이 되렴!','2021-05-20',2000600,'학교 및 단체');
Insert into SEMI_KH.DONATION_LIST (DONA_NO,DONA_TITLE,DONA_WRITER,DONA_CONTENT,DONA_DATE,PA_AMOUNT,PA_LEVEL) values (185,'아이들아!','강은현','애들아 커서 행복하고, 꽃길만 걸으렴','2021-05-20',1000000,'개인');
Insert into SEMI_KH.DONATION_LIST (DONA_NO,DONA_TITLE,DONA_WRITER,DONA_CONTENT,DONA_DATE,PA_AMOUNT,PA_LEVEL) values (186,'아이들아!','양원주','전 미래를 위해 지금 이순간 후원을 합니다','2021-05-20',2700000,'기업');
Insert into SEMI_KH.DONATION_LIST (DONA_NO,DONA_TITLE,DONA_WRITER,DONA_CONTENT,DONA_DATE,PA_AMOUNT,PA_LEVEL) values (187,'아이들아!','홍수연','여러분 저랑 같이 후원합시다!!!!!','2021-05-20',6060000,'학교 및 단체');
Insert into SEMI_KH.DONATION_LIST (DONA_NO,DONA_TITLE,DONA_WRITER,DONA_CONTENT,DONA_DATE,PA_AMOUNT,PA_LEVEL) values (188,'아이들아!','서준식','큰돈은 아니지만 이돈으로 행복했으면 좋겠다!','2021-05-20',10000000,'개인');
Insert into SEMI_KH.DONATION_LIST (DONA_NO,DONA_TITLE,DONA_WRITER,DONA_CONTENT,DONA_DATE,PA_AMOUNT,PA_LEVEL) values (189,'아이들아!','백지흠','나혼자 배부른것보다 여러분과 배부르고싶어요','2021-05-20',5000000,'기업');
Insert into SEMI_KH.DONATION_LIST (DONA_NO,DONA_TITLE,DONA_WRITER,DONA_CONTENT,DONA_DATE,PA_AMOUNT,PA_LEVEL) values (190,'아이들아!','박성우','커서 꼭 좋은 어른이 되렴!','2021-05-20',2000600,'학교 및 단체');
Insert into SEMI_KH.DONATION_LIST (DONA_NO,DONA_TITLE,DONA_WRITER,DONA_CONTENT,DONA_DATE,PA_AMOUNT,PA_LEVEL) values (191,'아이들아!','강은현','애들아 커서 행복하고, 꽃길만 걸으렴','2021-05-20',1000000,'개인');
Insert into SEMI_KH.DONATION_LIST (DONA_NO,DONA_TITLE,DONA_WRITER,DONA_CONTENT,DONA_DATE,PA_AMOUNT,PA_LEVEL) values (192,'아이들아!','양원주','전 미래를 위해 지금 이순간 후원을 합니다','2021-05-20',2700000,'기업');
Insert into SEMI_KH.DONATION_LIST (DONA_NO,DONA_TITLE,DONA_WRITER,DONA_CONTENT,DONA_DATE,PA_AMOUNT,PA_LEVEL) values (193,'아이들아!','홍수연','여러분 저랑 같이 후원합시다!!!!!','2021-05-20',6060000,'학교 및 단체');
Insert into SEMI_KH.DONATION_LIST (DONA_NO,DONA_TITLE,DONA_WRITER,DONA_CONTENT,DONA_DATE,PA_AMOUNT,PA_LEVEL) values (194,'아이들아!','서준식','큰돈은 아니지만 이돈으로 행복했으면 좋겠다!','2021-05-20',10000000,'개인');
Insert into SEMI_KH.DONATION_LIST (DONA_NO,DONA_TITLE,DONA_WRITER,DONA_CONTENT,DONA_DATE,PA_AMOUNT,PA_LEVEL) values (195,'아이들아!','백지흠','나혼자 배부른것보다 여러분과 배부르고싶어요','2021-05-20',5000000,'기업');
Insert into SEMI_KH.DONATION_LIST (DONA_NO,DONA_TITLE,DONA_WRITER,DONA_CONTENT,DONA_DATE,PA_AMOUNT,PA_LEVEL) values (196,'아이들아!','박성우','커서 꼭 좋은 어른이 되렴!','2021-05-20',2000600,'학교 및 단체');
Insert into SEMI_KH.DONATION_LIST (DONA_NO,DONA_TITLE,DONA_WRITER,DONA_CONTENT,DONA_DATE,PA_AMOUNT,PA_LEVEL) values (197,'아이들아!','강은현','애들아 커서 행복하고, 꽃길만 걸으렴','2021-05-20',1000000,'개인');
Insert into SEMI_KH.DONATION_LIST (DONA_NO,DONA_TITLE,DONA_WRITER,DONA_CONTENT,DONA_DATE,PA_AMOUNT,PA_LEVEL) values (198,'아이들아!','양원주','전 미래를 위해 지금 이순간 후원을 합니다','2021-05-20',2700000,'기업');
Insert into SEMI_KH.DONATION_LIST (DONA_NO,DONA_TITLE,DONA_WRITER,DONA_CONTENT,DONA_DATE,PA_AMOUNT,PA_LEVEL) values (199,'아이들아!','홍수연','여러분 저랑 같이 후원합시다!!!!!','2021-05-20',6060000,'학교 및 단체');
Insert into SEMI_KH.DONATION_LIST (DONA_NO,DONA_TITLE,DONA_WRITER,DONA_CONTENT,DONA_DATE,PA_AMOUNT,PA_LEVEL) values (200,'아이들아!','서준식','큰돈은 아니지만 이돈으로 행복했으면 좋겠다!','2021-05-20',10000000,'개인');
Insert into SEMI_KH.DONATION_LIST (DONA_NO,DONA_TITLE,DONA_WRITER,DONA_CONTENT,DONA_DATE,PA_AMOUNT,PA_LEVEL) values (201,'아이들아!','백지흠','나혼자 배부른것보다 여러분과 배부르고싶어요','2021-05-20',5000000,'기업');
Insert into SEMI_KH.DONATION_LIST (DONA_NO,DONA_TITLE,DONA_WRITER,DONA_CONTENT,DONA_DATE,PA_AMOUNT,PA_LEVEL) values (202,'아이들아!','박성우','커서 꼭 좋은 어른이 되렴!','2021-05-20',2000600,'학교 및 단체');
Insert into SEMI_KH.DONATION_LIST (DONA_NO,DONA_TITLE,DONA_WRITER,DONA_CONTENT,DONA_DATE,PA_AMOUNT,PA_LEVEL) values (203,'아이들아!','강은현','애들아 커서 행복하고, 꽃길만 걸으렴','2021-05-20',1000000,'개인');
Insert into SEMI_KH.DONATION_LIST (DONA_NO,DONA_TITLE,DONA_WRITER,DONA_CONTENT,DONA_DATE,PA_AMOUNT,PA_LEVEL) values (204,'아이들아!','양원주','전 미래를 위해 지금 이순간 후원을 합니다','2021-05-20',2700000,'기업');
Insert into SEMI_KH.DONATION_LIST (DONA_NO,DONA_TITLE,DONA_WRITER,DONA_CONTENT,DONA_DATE,PA_AMOUNT,PA_LEVEL) values (205,'아이들아!','홍수연','여러분 저랑 같이 후원합시다!!!!!','2021-05-20',6060000,'학교 및 단체');
Insert into SEMI_KH.DONATION_LIST (DONA_NO,DONA_TITLE,DONA_WRITER,DONA_CONTENT,DONA_DATE,PA_AMOUNT,PA_LEVEL) values (206,'마지막으로','백지흠','힘내세요 항상 우리가 있잖아요!!','2021-05-20',1000,'학교 및 단체');
Insert into SEMI_KH.DONATION_LIST (DONA_NO,DONA_TITLE,DONA_WRITER,DONA_CONTENT,DONA_DATE,PA_AMOUNT,PA_LEVEL) values (207,'애들아','서준식','힘내고 꼭 이돈으로 성공해서, 다른사람들을 도와주거라','2021-05-20',100,'학교 및 단체');
Insert into SEMI_KH.DONATION_LIST (DONA_NO,DONA_TITLE,DONA_WRITER,DONA_CONTENT,DONA_DATE,PA_AMOUNT,PA_LEVEL) values (208,'애들아','백지흠','힘내자','2021-05-21',1000,'개인');
Insert into SEMI_KH.DONATION_LIST (DONA_NO,DONA_TITLE,DONA_WRITER,DONA_CONTENT,DONA_DATE,PA_AMOUNT,PA_LEVEL) values (209,'애들아','서준식','커서 꼭 좋은 어른이 되렴~~!!','2021-05-22',1000,'학교 및 단체');
Insert into SEMI_KH.DONATION_LIST (DONA_NO,DONA_TITLE,DONA_WRITER,DONA_CONTENT,DONA_DATE,PA_AMOUNT,PA_LEVEL) values (221,'애들아','서준식','큰돈은 아니지만 힘내고, 좋은 어른이 되렴!!','2021-05-31',1000,'개인');
REM INSERTING into SEMI_KH.FREE
SET DEFINE OFF;
Insert into SEMI_KH.FREE (FREE_NO,FREE_TITLE,FREE_WRITER,FREE_CONTENT,FREE_DATE,FILEPATH,READ_COUNT) values (238,'귀여운 아들 보고가세요','test9','<p><img src="/upload/free/2.jpg" style="width: 650px;"></p><p><br></p><p>자식 키운 보람이 느껴집니다~</p>','2021-05-21','2.jpg',6);
Insert into SEMI_KH.FREE (FREE_NO,FREE_TITLE,FREE_WRITER,FREE_CONTENT,FREE_DATE,FILEPATH,READ_COUNT) values (239,'오늘 첫 시작입니다','test111','<p>잘 부탁드립니다!^^</p>','2021-05-21',null,2);
Insert into SEMI_KH.FREE (FREE_NO,FREE_TITLE,FREE_WRITER,FREE_CONTENT,FREE_DATE,FILEPATH,READ_COUNT) values (240,'매일하기 후원 하기 힘들때는','test99','한달에 한번만해도 충분한답니다~','2021-05-21',null,5);
Insert into SEMI_KH.FREE (FREE_NO,FREE_TITLE,FREE_WRITER,FREE_CONTENT,FREE_DATE,FILEPATH,READ_COUNT) values (241,'예수님께선 후원하는 자들을 좋아하신답니다','test99','<p>아 킹갓 예수 ^^</p>','2021-05-21',null,3);
Insert into SEMI_KH.FREE (FREE_NO,FREE_TITLE,FREE_WRITER,FREE_CONTENT,FREE_DATE,FILEPATH,READ_COUNT) values (242,'99님 차단하셔야 할듯','test111','<p>저거 홍보임</p>','2021-05-21',null,8);
Insert into SEMI_KH.FREE (FREE_NO,FREE_TITLE,FREE_WRITER,FREE_CONTENT,FREE_DATE,FILEPATH,READ_COUNT) values (243,'질문있습니다','test100','<p>여태까지 후원한 금액 보고싶은데 어디로 가야하나요?</p>','2021-05-21',null,3);
Insert into SEMI_KH.FREE (FREE_NO,FREE_TITLE,FREE_WRITER,FREE_CONTENT,FREE_DATE,FILEPATH,READ_COUNT) values (244,'단체로 연탄나누고 왔습니다','test87','<p><img src="/upload/free/3.jpg" style="width: 512px;"></p><p><br></p><p>다들 너무 열심히해서 손이 까맣게 되었네요. 뿌듯합니다!</p>','2021-05-21','3.jpg',8);
Insert into SEMI_KH.FREE (FREE_NO,FREE_TITLE,FREE_WRITER,FREE_CONTENT,FREE_DATE,FILEPATH,READ_COUNT) values (257,'안녕하세요','test77','<p>이번에 처음으로 게시물을 남깁니다!!</p><p>좋게 봐주십시오!!</p><p>&nbsp;<img src="/upload/free/47A44A49-3DE0-4E86-818D-1F9382B949CF.jpg" style="width: 50%;"></p>','2021-05-22','47A44A49-3DE0-4E86-818D-1F9382B949CF.jpg',2);
Insert into SEMI_KH.FREE (FREE_NO,FREE_TITLE,FREE_WRITER,FREE_CONTENT,FREE_DATE,FILEPATH,READ_COUNT) values (250,'야,게시판! 넣을게','dkdlel1','<p><img src="/upload/free/dog.jpg" style="width: 614px;"><br></p>','2021-05-21','dog.jpg',8);
Insert into SEMI_KH.FREE (FREE_NO,FREE_TITLE,FREE_WRITER,FREE_CONTENT,FREE_DATE,FILEPATH,READ_COUNT) values (251,'후원받습니다','asd123','<p>후원계좌 : 1002-856-418194 우리은행</p><p> 불우이웃 도와주세요</p>','2021-05-21',null,11);
Insert into SEMI_KH.FREE (FREE_NO,FREE_TITLE,FREE_WRITER,FREE_CONTENT,FREE_DATE,FILEPATH,READ_COUNT) values (252,'최강 포식자 심장주의','kyc6913','<p>에용 에용<img src="/upload/free/고양4.jpg" style="width: 1088px;"></p>','2021-05-21','고양4.jpg',8);
Insert into SEMI_KH.FREE (FREE_NO,FREE_TITLE,FREE_WRITER,FREE_CONTENT,FREE_DATE,FILEPATH,READ_COUNT) values (253,'야 아랍인 어딨냐 나와라','ㅎㅍㅎㅍ','<p>아랍이라고 ?</p>','2021-05-21',null,5);
Insert into SEMI_KH.FREE (FREE_NO,FREE_TITLE,FREE_WRITER,FREE_CONTENT,FREE_DATE,FILEPATH,READ_COUNT) values (254,'나 백지흠인데 주먹쥐면 큰일난다 알지 ? 후배기수들 다들 내앞에서 쪼그리고다닌다','ㅎㅍㅎㅍ','<p>알지 ? 후배기수들 다들 내앞에서 쪼그리고다닌다</p>','2021-05-21',null,4);
Insert into SEMI_KH.FREE (FREE_NO,FREE_TITLE,FREE_WRITER,FREE_CONTENT,FREE_DATE,FILEPATH,READ_COUNT) values (256,'솔직히 저 사진이 예쁨?','ㅎㅍㅎㅍ','<p>예쁨^^</p>','2021-05-21',null,7);
Insert into SEMI_KH.FREE (FREE_NO,FREE_TITLE,FREE_WRITER,FREE_CONTENT,FREE_DATE,FILEPATH,READ_COUNT) values (138,'후원상품 퀄리티가 상당히 좋네요!','test77','후원상품을 구입해서 사용해봤는데 생각보다 너무 좋네요','2021-05-21',null,3);
Insert into SEMI_KH.FREE (FREE_NO,FREE_TITLE,FREE_WRITER,FREE_CONTENT,FREE_DATE,FILEPATH,READ_COUNT) values (139,'어제 봉사활동 다녀왔거든요!?','test99','어제 연탄나르기도 해보고, 이웃집 도와주러 가봤는데 기분이 조크든요','2021-05-21',null,10);
Insert into SEMI_KH.FREE (FREE_NO,FREE_TITLE,FREE_WRITER,FREE_CONTENT,FREE_DATE,FILEPATH,READ_COUNT) values (140,'해외에 나가서 해본일중에!','test119','해외아동 아이들과 밥을 먹는데 왠지모르게 행복하더라구요!ㅎㅎ','2021-05-21',null,7);
Insert into SEMI_KH.FREE (FREE_NO,FREE_TITLE,FREE_WRITER,FREE_CONTENT,FREE_DATE,FILEPATH,READ_COUNT) values (141,'제가 생각하는 사람들에게 후원은요?','test9','저는 개인적으로 후원을 알게되서 너무 좋고 재밌던데ㅎㅎ','2021-05-21',null,9);
Insert into SEMI_KH.FREE (FREE_NO,FREE_TITLE,FREE_WRITER,FREE_CONTENT,FREE_DATE,FILEPATH,READ_COUNT) values (143,'후원상품 퀄리티가 상당히 좋네요!','test77','후원상품을 구입해서 사용해봤는데 생각보다 너무 좋네요','2021-05-21',null,2);
Insert into SEMI_KH.FREE (FREE_NO,FREE_TITLE,FREE_WRITER,FREE_CONTENT,FREE_DATE,FILEPATH,READ_COUNT) values (144,'어제 봉사활동 다녀왔거든요!?','test99','어제 연탄나르기도 해보고, 이웃집 도와주러 가봤는데 기분이 조크든요','2021-05-21',null,10);
Insert into SEMI_KH.FREE (FREE_NO,FREE_TITLE,FREE_WRITER,FREE_CONTENT,FREE_DATE,FILEPATH,READ_COUNT) values (145,'해외에 나가서 해본일중에!','test119','해외아동 아이들과 밥을 먹는데 왠지모르게 행복하더라구요!ㅎㅎ','2021-05-21',null,7);
Insert into SEMI_KH.FREE (FREE_NO,FREE_TITLE,FREE_WRITER,FREE_CONTENT,FREE_DATE,FILEPATH,READ_COUNT) values (146,'제가 생각하는 사람들에게 후원은요?','test9','저는 개인적으로 후원을 알게되서 너무 좋고 재밌던데ㅎㅎ','2021-05-21',null,9);
Insert into SEMI_KH.FREE (FREE_NO,FREE_TITLE,FREE_WRITER,FREE_CONTENT,FREE_DATE,FILEPATH,READ_COUNT) values (148,'후원상품 퀄리티가 상당히 좋네요!','test77','후원상품을 구입해서 사용해봤는데 생각보다 너무 좋네요','2021-05-21',null,2);
Insert into SEMI_KH.FREE (FREE_NO,FREE_TITLE,FREE_WRITER,FREE_CONTENT,FREE_DATE,FILEPATH,READ_COUNT) values (149,'어제 봉사활동 다녀왔거든요!?','test99','어제 연탄나르기도 해보고, 이웃집 도와주러 가봤는데 기분이 조크든요','2021-05-21',null,10);
Insert into SEMI_KH.FREE (FREE_NO,FREE_TITLE,FREE_WRITER,FREE_CONTENT,FREE_DATE,FILEPATH,READ_COUNT) values (150,'해외에 나가서 해본일중에!','test119','해외아동 아이들과 밥을 먹는데 왠지모르게 행복하더라구요!ㅎㅎ','2021-05-21',null,7);
Insert into SEMI_KH.FREE (FREE_NO,FREE_TITLE,FREE_WRITER,FREE_CONTENT,FREE_DATE,FILEPATH,READ_COUNT) values (151,'제가 생각하는 사람들에게 후원은요?','test9','저는 개인적으로 후원을 알게되서 너무 좋고 재밌던데ㅎㅎ','2021-05-21',null,10);
Insert into SEMI_KH.FREE (FREE_NO,FREE_TITLE,FREE_WRITER,FREE_CONTENT,FREE_DATE,FILEPATH,READ_COUNT) values (153,'후원상품 퀄리티가 상당히 좋네요!','test77','후원상품을 구입해서 사용해봤는데 생각보다 너무 좋네요','2021-05-21',null,2);
Insert into SEMI_KH.FREE (FREE_NO,FREE_TITLE,FREE_WRITER,FREE_CONTENT,FREE_DATE,FILEPATH,READ_COUNT) values (154,'어제 봉사활동 다녀왔거든요!?','test99','어제 연탄나르기도 해보고, 이웃집 도와주러 가봤는데 기분이 조크든요','2021-05-21',null,10);
Insert into SEMI_KH.FREE (FREE_NO,FREE_TITLE,FREE_WRITER,FREE_CONTENT,FREE_DATE,FILEPATH,READ_COUNT) values (155,'해외에 나가서 해본일중에!','test119','해외아동 아이들과 밥을 먹는데 왠지모르게 행복하더라구요!ㅎㅎ','2021-05-21',null,7);
Insert into SEMI_KH.FREE (FREE_NO,FREE_TITLE,FREE_WRITER,FREE_CONTENT,FREE_DATE,FILEPATH,READ_COUNT) values (156,'제가 생각하는 사람들에게 후원은요?','test9','저는 개인적으로 후원을 알게되서 너무 좋고 재밌던데ㅎㅎ','2021-05-21',null,9);
Insert into SEMI_KH.FREE (FREE_NO,FREE_TITLE,FREE_WRITER,FREE_CONTENT,FREE_DATE,FILEPATH,READ_COUNT) values (158,'후원상품 퀄리티가 상당히 좋네요!','test77','후원상품을 구입해서 사용해봤는데 생각보다 너무 좋네요','2021-05-21',null,2);
Insert into SEMI_KH.FREE (FREE_NO,FREE_TITLE,FREE_WRITER,FREE_CONTENT,FREE_DATE,FILEPATH,READ_COUNT) values (159,'어제 봉사활동 다녀왔거든요!?','test99','어제 연탄나르기도 해보고, 이웃집 도와주러 가봤는데 기분이 조크든요','2021-05-21',null,10);
Insert into SEMI_KH.FREE (FREE_NO,FREE_TITLE,FREE_WRITER,FREE_CONTENT,FREE_DATE,FILEPATH,READ_COUNT) values (160,'해외에 나가서 해본일중에!','test119','해외아동 아이들과 밥을 먹는데 왠지모르게 행복하더라구요!ㅎㅎ','2021-05-21',null,7);
Insert into SEMI_KH.FREE (FREE_NO,FREE_TITLE,FREE_WRITER,FREE_CONTENT,FREE_DATE,FILEPATH,READ_COUNT) values (161,'제가 생각하는 사람들에게 후원은요?','test9','저는 개인적으로 후원을 알게되서 너무 좋고 재밌던데ㅎㅎ','2021-05-21',null,9);
Insert into SEMI_KH.FREE (FREE_NO,FREE_TITLE,FREE_WRITER,FREE_CONTENT,FREE_DATE,FILEPATH,READ_COUNT) values (163,'후원상품 퀄리티가 상당히 좋네요!','test77','후원상품을 구입해서 사용해봤는데 생각보다 너무 좋네요','2021-05-21',null,2);
Insert into SEMI_KH.FREE (FREE_NO,FREE_TITLE,FREE_WRITER,FREE_CONTENT,FREE_DATE,FILEPATH,READ_COUNT) values (164,'어제 봉사활동 다녀왔거든요!?','test99','어제 연탄나르기도 해보고, 이웃집 도와주러 가봤는데 기분이 조크든요','2021-05-21',null,10);
Insert into SEMI_KH.FREE (FREE_NO,FREE_TITLE,FREE_WRITER,FREE_CONTENT,FREE_DATE,FILEPATH,READ_COUNT) values (165,'해외에 나가서 해본일중에!','test119','해외아동 아이들과 밥을 먹는데 왠지모르게 행복하더라구요!ㅎㅎ','2021-05-21',null,7);
Insert into SEMI_KH.FREE (FREE_NO,FREE_TITLE,FREE_WRITER,FREE_CONTENT,FREE_DATE,FILEPATH,READ_COUNT) values (166,'제가 생각하는 사람들에게 후원은요?','test9','저는 개인적으로 후원을 알게되서 너무 좋고 재밌던데ㅎㅎ','2021-05-21',null,9);
Insert into SEMI_KH.FREE (FREE_NO,FREE_TITLE,FREE_WRITER,FREE_CONTENT,FREE_DATE,FILEPATH,READ_COUNT) values (168,'후원상품 퀄리티가 상당히 좋네요!','test77','후원상품을 구입해서 사용해봤는데 생각보다 너무 좋네요','2021-05-21',null,2);
Insert into SEMI_KH.FREE (FREE_NO,FREE_TITLE,FREE_WRITER,FREE_CONTENT,FREE_DATE,FILEPATH,READ_COUNT) values (169,'어제 봉사활동 다녀왔거든요!?','test99','어제 연탄나르기도 해보고, 이웃집 도와주러 가봤는데 기분이 조크든요','2021-05-21',null,10);
Insert into SEMI_KH.FREE (FREE_NO,FREE_TITLE,FREE_WRITER,FREE_CONTENT,FREE_DATE,FILEPATH,READ_COUNT) values (170,'해외에 나가서 해본일중에!','test119','해외아동 아이들과 밥을 먹는데 왠지모르게 행복하더라구요!ㅎㅎ','2021-05-21',null,7);
Insert into SEMI_KH.FREE (FREE_NO,FREE_TITLE,FREE_WRITER,FREE_CONTENT,FREE_DATE,FILEPATH,READ_COUNT) values (171,'제가 생각하는 사람들에게 후원은요?','test9','저는 개인적으로 후원을 알게되서 너무 좋고 재밌던데ㅎㅎ','2021-05-21',null,9);
Insert into SEMI_KH.FREE (FREE_NO,FREE_TITLE,FREE_WRITER,FREE_CONTENT,FREE_DATE,FILEPATH,READ_COUNT) values (173,'후원상품 퀄리티가 상당히 좋네요!','test77','후원상품을 구입해서 사용해봤는데 생각보다 너무 좋네요','2021-05-21',null,2);
Insert into SEMI_KH.FREE (FREE_NO,FREE_TITLE,FREE_WRITER,FREE_CONTENT,FREE_DATE,FILEPATH,READ_COUNT) values (174,'어제 봉사활동 다녀왔거든요!?','test99','어제 연탄나르기도 해보고, 이웃집 도와주러 가봤는데 기분이 조크든요','2021-05-21',null,10);
Insert into SEMI_KH.FREE (FREE_NO,FREE_TITLE,FREE_WRITER,FREE_CONTENT,FREE_DATE,FILEPATH,READ_COUNT) values (175,'해외에 나가서 해본일중에!','test119','해외아동 아이들과 밥을 먹는데 왠지모르게 행복하더라구요!ㅎㅎ','2021-05-21',null,7);
Insert into SEMI_KH.FREE (FREE_NO,FREE_TITLE,FREE_WRITER,FREE_CONTENT,FREE_DATE,FILEPATH,READ_COUNT) values (176,'제가 생각하는 사람들에게 후원은요?','test9','저는 개인적으로 후원을 알게되서 너무 좋고 재밌던데ㅎㅎ','2021-05-21',null,9);
Insert into SEMI_KH.FREE (FREE_NO,FREE_TITLE,FREE_WRITER,FREE_CONTENT,FREE_DATE,FILEPATH,READ_COUNT) values (178,'후원상품 퀄리티가 상당히 좋네요!','test77','후원상품을 구입해서 사용해봤는데 생각보다 너무 좋네요','2021-05-21',null,2);
Insert into SEMI_KH.FREE (FREE_NO,FREE_TITLE,FREE_WRITER,FREE_CONTENT,FREE_DATE,FILEPATH,READ_COUNT) values (179,'어제 봉사활동 다녀왔거든요!?','test99','어제 연탄나르기도 해보고, 이웃집 도와주러 가봤는데 기분이 조크든요','2021-05-21',null,10);
Insert into SEMI_KH.FREE (FREE_NO,FREE_TITLE,FREE_WRITER,FREE_CONTENT,FREE_DATE,FILEPATH,READ_COUNT) values (180,'해외에 나가서 해본일중에!','test119','해외아동 아이들과 밥을 먹는데 왠지모르게 행복하더라구요!ㅎㅎ','2021-05-21',null,7);
Insert into SEMI_KH.FREE (FREE_NO,FREE_TITLE,FREE_WRITER,FREE_CONTENT,FREE_DATE,FILEPATH,READ_COUNT) values (181,'제가 생각하는 사람들에게 후원은요?','test9','저는 개인적으로 후원을 알게되서 너무 좋고 재밌던데ㅎㅎ','2021-05-21',null,9);
Insert into SEMI_KH.FREE (FREE_NO,FREE_TITLE,FREE_WRITER,FREE_CONTENT,FREE_DATE,FILEPATH,READ_COUNT) values (183,'후원상품 퀄리티가 상당히 좋네요!','test77','후원상품을 구입해서 사용해봤는데 생각보다 너무 좋네요','2021-05-21',null,2);
Insert into SEMI_KH.FREE (FREE_NO,FREE_TITLE,FREE_WRITER,FREE_CONTENT,FREE_DATE,FILEPATH,READ_COUNT) values (184,'어제 봉사활동 다녀왔거든요!?','test99','어제 연탄나르기도 해보고, 이웃집 도와주러 가봤는데 기분이 조크든요','2021-05-21',null,10);
Insert into SEMI_KH.FREE (FREE_NO,FREE_TITLE,FREE_WRITER,FREE_CONTENT,FREE_DATE,FILEPATH,READ_COUNT) values (185,'해외에 나가서 해본일중에!','test119','해외아동 아이들과 밥을 먹는데 왠지모르게 행복하더라구요!ㅎㅎ','2021-05-21',null,7);
Insert into SEMI_KH.FREE (FREE_NO,FREE_TITLE,FREE_WRITER,FREE_CONTENT,FREE_DATE,FILEPATH,READ_COUNT) values (186,'제가 생각하는 사람들에게 후원은요?','test9','저는 개인적으로 후원을 알게되서 너무 좋고 재밌던데ㅎㅎ','2021-05-21',null,9);
Insert into SEMI_KH.FREE (FREE_NO,FREE_TITLE,FREE_WRITER,FREE_CONTENT,FREE_DATE,FILEPATH,READ_COUNT) values (188,'후원상품 퀄리티가 상당히 좋네요!','test77','후원상품을 구입해서 사용해봤는데 생각보다 너무 좋네요','2021-05-21',null,2);
Insert into SEMI_KH.FREE (FREE_NO,FREE_TITLE,FREE_WRITER,FREE_CONTENT,FREE_DATE,FILEPATH,READ_COUNT) values (189,'어제 봉사활동 다녀왔거든요!?','test99','어제 연탄나르기도 해보고, 이웃집 도와주러 가봤는데 기분이 조크든요','2021-05-21',null,10);
Insert into SEMI_KH.FREE (FREE_NO,FREE_TITLE,FREE_WRITER,FREE_CONTENT,FREE_DATE,FILEPATH,READ_COUNT) values (190,'해외에 나가서 해본일중에!','test119','해외아동 아이들과 밥을 먹는데 왠지모르게 행복하더라구요!ㅎㅎ','2021-05-21',null,7);
Insert into SEMI_KH.FREE (FREE_NO,FREE_TITLE,FREE_WRITER,FREE_CONTENT,FREE_DATE,FILEPATH,READ_COUNT) values (191,'제가 생각하는 사람들에게 후원은요?','test9','저는 개인적으로 후원을 알게되서 너무 좋고 재밌던데ㅎㅎ','2021-05-21',null,9);
Insert into SEMI_KH.FREE (FREE_NO,FREE_TITLE,FREE_WRITER,FREE_CONTENT,FREE_DATE,FILEPATH,READ_COUNT) values (193,'후원상품 퀄리티가 상당히 좋네요!','test77','후원상품을 구입해서 사용해봤는데 생각보다 너무 좋네요','2021-05-21',null,2);
Insert into SEMI_KH.FREE (FREE_NO,FREE_TITLE,FREE_WRITER,FREE_CONTENT,FREE_DATE,FILEPATH,READ_COUNT) values (194,'어제 봉사활동 다녀왔거든요!?','test99','어제 연탄나르기도 해보고, 이웃집 도와주러 가봤는데 기분이 조크든요','2021-05-21',null,10);
Insert into SEMI_KH.FREE (FREE_NO,FREE_TITLE,FREE_WRITER,FREE_CONTENT,FREE_DATE,FILEPATH,READ_COUNT) values (195,'해외에 나가서 해본일중에!','test119','해외아동 아이들과 밥을 먹는데 왠지모르게 행복하더라구요!ㅎㅎ','2021-05-21',null,7);
Insert into SEMI_KH.FREE (FREE_NO,FREE_TITLE,FREE_WRITER,FREE_CONTENT,FREE_DATE,FILEPATH,READ_COUNT) values (196,'제가 생각하는 사람들에게 후원은요?','test9','저는 개인적으로 후원을 알게되서 너무 좋고 재밌던데ㅎㅎ','2021-05-21',null,11);
Insert into SEMI_KH.FREE (FREE_NO,FREE_TITLE,FREE_WRITER,FREE_CONTENT,FREE_DATE,FILEPATH,READ_COUNT) values (198,'후원상품 퀄리티가 상당히 좋네요!','test77','후원상품을 구입해서 사용해봤는데 생각보다 너무 좋네요','2021-05-21',null,2);
Insert into SEMI_KH.FREE (FREE_NO,FREE_TITLE,FREE_WRITER,FREE_CONTENT,FREE_DATE,FILEPATH,READ_COUNT) values (199,'어제 봉사활동 다녀왔거든요!?','test99','어제 연탄나르기도 해보고, 이웃집 도와주러 가봤는데 기분이 조크든요','2021-05-21',null,10);
Insert into SEMI_KH.FREE (FREE_NO,FREE_TITLE,FREE_WRITER,FREE_CONTENT,FREE_DATE,FILEPATH,READ_COUNT) values (200,'해외에 나가서 해본일중에!','test119','해외아동 아이들과 밥을 먹는데 왠지모르게 행복하더라구요!ㅎㅎ','2021-05-21',null,7);
Insert into SEMI_KH.FREE (FREE_NO,FREE_TITLE,FREE_WRITER,FREE_CONTENT,FREE_DATE,FILEPATH,READ_COUNT) values (201,'제가 생각하는 사람들에게 후원은요?','test9','저는 개인적으로 후원을 알게되서 너무 좋고 재밌던데ㅎㅎ','2021-05-21',null,9);
Insert into SEMI_KH.FREE (FREE_NO,FREE_TITLE,FREE_WRITER,FREE_CONTENT,FREE_DATE,FILEPATH,READ_COUNT) values (203,'후원상품 퀄리티가 상당히 좋네요!','test77','후원상품을 구입해서 사용해봤는데 생각보다 너무 좋네요','2021-05-21',null,2);
Insert into SEMI_KH.FREE (FREE_NO,FREE_TITLE,FREE_WRITER,FREE_CONTENT,FREE_DATE,FILEPATH,READ_COUNT) values (204,'어제 봉사활동 다녀왔거든요!?','test99','어제 연탄나르기도 해보고, 이웃집 도와주러 가봤는데 기분이 조크든요','2021-05-21',null,11);
Insert into SEMI_KH.FREE (FREE_NO,FREE_TITLE,FREE_WRITER,FREE_CONTENT,FREE_DATE,FILEPATH,READ_COUNT) values (205,'해외에 나가서 해본일중에!','test119','해외아동 아이들과 밥을 먹는데 왠지모르게 행복하더라구요!ㅎㅎ','2021-05-21',null,7);
Insert into SEMI_KH.FREE (FREE_NO,FREE_TITLE,FREE_WRITER,FREE_CONTENT,FREE_DATE,FILEPATH,READ_COUNT) values (206,'제가 생각하는 사람들에게 후원은요?','test9','저는 개인적으로 후원을 알게되서 너무 좋고 재밌던데ㅎㅎ','2021-05-21',null,9);
Insert into SEMI_KH.FREE (FREE_NO,FREE_TITLE,FREE_WRITER,FREE_CONTENT,FREE_DATE,FILEPATH,READ_COUNT) values (208,'후원상품 퀄리티가 상당히 좋네요!','test77','후원상품을 구입해서 사용해봤는데 생각보다 너무 좋네요','2021-05-21',null,2);
Insert into SEMI_KH.FREE (FREE_NO,FREE_TITLE,FREE_WRITER,FREE_CONTENT,FREE_DATE,FILEPATH,READ_COUNT) values (209,'어제 봉사활동 다녀왔거든요!?','test99','어제 연탄나르기도 해보고, 이웃집 도와주러 가봤는데 기분이 조크든요','2021-05-21',null,10);
Insert into SEMI_KH.FREE (FREE_NO,FREE_TITLE,FREE_WRITER,FREE_CONTENT,FREE_DATE,FILEPATH,READ_COUNT) values (210,'해외에 나가서 해본일중에!','test119','해외아동 아이들과 밥을 먹는데 왠지모르게 행복하더라구요!ㅎㅎ','2021-05-21',null,7);
Insert into SEMI_KH.FREE (FREE_NO,FREE_TITLE,FREE_WRITER,FREE_CONTENT,FREE_DATE,FILEPATH,READ_COUNT) values (211,'제가 생각하는 사람들에게 후원은요?','test9','저는 개인적으로 후원을 알게되서 너무 좋고 재밌던데ㅎㅎ','2021-05-21',null,9);
Insert into SEMI_KH.FREE (FREE_NO,FREE_TITLE,FREE_WRITER,FREE_CONTENT,FREE_DATE,FILEPATH,READ_COUNT) values (213,'후원상품 퀄리티가 상당히 좋네요!','test77','후원상품을 구입해서 사용해봤는데 생각보다 너무 좋네요','2021-05-21',null,2);
Insert into SEMI_KH.FREE (FREE_NO,FREE_TITLE,FREE_WRITER,FREE_CONTENT,FREE_DATE,FILEPATH,READ_COUNT) values (214,'어제 봉사활동 다녀왔거든요!?','test99','어제 연탄나르기도 해보고, 이웃집 도와주러 가봤는데 기분이 조크든요','2021-05-21',null,10);
Insert into SEMI_KH.FREE (FREE_NO,FREE_TITLE,FREE_WRITER,FREE_CONTENT,FREE_DATE,FILEPATH,READ_COUNT) values (215,'해외에 나가서 해본일중에!','test119','해외아동 아이들과 밥을 먹는데 왠지모르게 행복하더라구요!ㅎㅎ','2021-05-21',null,7);
Insert into SEMI_KH.FREE (FREE_NO,FREE_TITLE,FREE_WRITER,FREE_CONTENT,FREE_DATE,FILEPATH,READ_COUNT) values (216,'제가 생각하는 사람들에게 후원은요?','test9','저는 개인적으로 후원을 알게되서 너무 좋고 재밌던데ㅎㅎ','2021-05-21',null,9);
Insert into SEMI_KH.FREE (FREE_NO,FREE_TITLE,FREE_WRITER,FREE_CONTENT,FREE_DATE,FILEPATH,READ_COUNT) values (218,'후원상품 퀄리티가 상당히 좋네요!','test77','후원상품을 구입해서 사용해봤는데 생각보다 너무 좋네요','2021-05-21',null,2);
Insert into SEMI_KH.FREE (FREE_NO,FREE_TITLE,FREE_WRITER,FREE_CONTENT,FREE_DATE,FILEPATH,READ_COUNT) values (219,'어제 봉사활동 다녀왔거든요!?','test99','어제 연탄나르기도 해보고, 이웃집 도와주러 가봤는데 기분이 조크든요','2021-05-21',null,10);
Insert into SEMI_KH.FREE (FREE_NO,FREE_TITLE,FREE_WRITER,FREE_CONTENT,FREE_DATE,FILEPATH,READ_COUNT) values (220,'해외에 나가서 해본일중에!','test119','해외아동 아이들과 밥을 먹는데 왠지모르게 행복하더라구요!ㅎㅎ','2021-05-21',null,7);
Insert into SEMI_KH.FREE (FREE_NO,FREE_TITLE,FREE_WRITER,FREE_CONTENT,FREE_DATE,FILEPATH,READ_COUNT) values (221,'제가 생각하는 사람들에게 후원은요?','test9','저는 개인적으로 후원을 알게되서 너무 좋고 재밌던데ㅎㅎ','2021-05-21',null,9);
Insert into SEMI_KH.FREE (FREE_NO,FREE_TITLE,FREE_WRITER,FREE_CONTENT,FREE_DATE,FILEPATH,READ_COUNT) values (223,'후원상품 퀄리티가 상당히 좋네요!','test77','후원상품을 구입해서 사용해봤는데 생각보다 너무 좋네요','2021-05-21',null,2);
Insert into SEMI_KH.FREE (FREE_NO,FREE_TITLE,FREE_WRITER,FREE_CONTENT,FREE_DATE,FILEPATH,READ_COUNT) values (224,'어제 봉사활동 다녀왔거든요!?','test99','어제 연탄나르기도 해보고, 이웃집 도와주러 가봤는데 기분이 조크든요','2021-05-21',null,10);
Insert into SEMI_KH.FREE (FREE_NO,FREE_TITLE,FREE_WRITER,FREE_CONTENT,FREE_DATE,FILEPATH,READ_COUNT) values (225,'해외에 나가서 해본일중에!','test119','해외아동 아이들과 밥을 먹는데 왠지모르게 행복하더라구요!ㅎㅎ','2021-05-21',null,9);
Insert into SEMI_KH.FREE (FREE_NO,FREE_TITLE,FREE_WRITER,FREE_CONTENT,FREE_DATE,FILEPATH,READ_COUNT) values (226,'제가 생각하는 사람들에게 후원은요?','test9','저는 개인적으로 후원을 알게되서 너무 좋고 재밌던데ㅎㅎ','2021-05-21',null,9);
Insert into SEMI_KH.FREE (FREE_NO,FREE_TITLE,FREE_WRITER,FREE_CONTENT,FREE_DATE,FILEPATH,READ_COUNT) values (228,'후원상품 퀄리티가 상당히 좋네요!','test77','후원상품을 구입해서 사용해봤는데 생각보다 너무 좋네요','2021-05-21',null,4);
Insert into SEMI_KH.FREE (FREE_NO,FREE_TITLE,FREE_WRITER,FREE_CONTENT,FREE_DATE,FILEPATH,READ_COUNT) values (229,'어제 봉사활동 다녀왔거든요!?','test99','어제 연탄나르기도 해보고, 이웃집 도와주러 가봤는데 기분이 조크든요','2021-05-21',null,12);
Insert into SEMI_KH.FREE (FREE_NO,FREE_TITLE,FREE_WRITER,FREE_CONTENT,FREE_DATE,FILEPATH,READ_COUNT) values (230,'해외에 나가서 해본일중에!','test119','해외아동 아이들과 밥을 먹는데 왠지모르게 행복하더라구요!ㅎㅎ','2021-05-21',null,11);
Insert into SEMI_KH.FREE (FREE_NO,FREE_TITLE,FREE_WRITER,FREE_CONTENT,FREE_DATE,FILEPATH,READ_COUNT) values (231,'제가 생각하는 사람들에게 후원은요?','test9','저는 개인적으로 후원을 알게되서 너무 좋고 재밌던데ㅎㅎ','2021-05-21',null,58);
Insert into SEMI_KH.FREE (FREE_NO,FREE_TITLE,FREE_WRITER,FREE_CONTENT,FREE_DATE,FILEPATH,READ_COUNT) values (235,'연탄 하고 왔어요~','test88','<p><img src="/upload/free/1111.jpg" style="width: 320px;"><br></p><p><br></p><p><br></p><p>저의 작은 도움으로 인해 도움받는분들의 마음이 따뜻해졌으면 좋겠어요 ^^</p>','2021-05-21','1111.jpg',2);
Insert into SEMI_KH.FREE (FREE_NO,FREE_TITLE,FREE_WRITER,FREE_CONTENT,FREE_DATE,FILEPATH,READ_COUNT) values (237,'***양로원 원장님 보고왔습니다','test77','<p><br></p><p><img src="/upload/free/1.jpg" style="width: 277px;"></p><p><br></p><p><br></p><p>아주 건강하세요!</p>','2021-05-21','1.jpg',4);
REM INSERTING into SEMI_KH.FREE_COMMENT
SET DEFINE OFF;
REM INSERTING into SEMI_KH.FREE_LIKE
SET DEFINE OFF;
Insert into SEMI_KH.FREE_LIKE (FL_NO,FREE_REF,MEMBER_ID) values (152,251,'asd123');
Insert into SEMI_KH.FREE_LIKE (FL_NO,FREE_REF,MEMBER_ID) values (150,235,'test88');
Insert into SEMI_KH.FREE_LIKE (FL_NO,FREE_REF,MEMBER_ID) values (153,250,'kyc6913');
Insert into SEMI_KH.FREE_LIKE (FL_NO,FREE_REF,MEMBER_ID) values (156,253,'user0001');
Insert into SEMI_KH.FREE_LIKE (FL_NO,FREE_REF,MEMBER_ID) values (157,250,'user0001');
REM INSERTING into SEMI_KH.MEMBER
SET DEFINE OFF;
Insert into SEMI_KH.MEMBER (MEMBER_NO,MEMBER_ID,MEMBER_PW,MEMBER_NAME,MEMBER_ADDR,MEMBER_EMAIL,PHONE) values (39,'test88','1234','김김','부산','dun13@naver.com','01055556666');
Insert into SEMI_KH.MEMBER (MEMBER_NO,MEMBER_ID,MEMBER_PW,MEMBER_NAME,MEMBER_ADDR,MEMBER_EMAIL,PHONE) values (12,'test100','1234','회원가입성공','아랍','mansuru@gmail.com','01082825353');
Insert into SEMI_KH.MEMBER (MEMBER_NO,MEMBER_ID,MEMBER_PW,MEMBER_NAME,MEMBER_ADDR,MEMBER_EMAIL,PHONE) values (42,'test9','1234','영영','당산','ooo@naver.com','01088889999');
Insert into SEMI_KH.MEMBER (MEMBER_NO,MEMBER_ID,MEMBER_PW,MEMBER_NAME,MEMBER_ADDR,MEMBER_EMAIL,PHONE) values (5,'test77','1234','서준식','서울','tjwnstlr3459@naver.com','01028747801');
Insert into SEMI_KH.MEMBER (MEMBER_NO,MEMBER_ID,MEMBER_PW,MEMBER_NAME,MEMBER_ADDR,MEMBER_EMAIL,PHONE) values (6,'test99','1234','서준식','서울','EmailID@Domain.co.kr','01028747801');
Insert into SEMI_KH.MEMBER (MEMBER_NO,MEMBER_ID,MEMBER_PW,MEMBER_NAME,MEMBER_ADDR,MEMBER_EMAIL,PHONE) values (14,'test98','1234','확인2','서울','ddd@naver.com','01066644445');
Insert into SEMI_KH.MEMBER (MEMBER_NO,MEMBER_ID,MEMBER_PW,MEMBER_NAME,MEMBER_ADDR,MEMBER_EMAIL,PHONE) values (43,'test119','1234','서준수','양천구','tjwnstlr3459@naver.com','01028747801');
Insert into SEMI_KH.MEMBER (MEMBER_NO,MEMBER_ID,MEMBER_PW,MEMBER_NAME,MEMBER_ADDR,MEMBER_EMAIL,PHONE) values (44,'test111','1234','김백','용산','ede@gmail.com','01012346547');
Insert into SEMI_KH.MEMBER (MEMBER_NO,MEMBER_ID,MEMBER_PW,MEMBER_NAME,MEMBER_ADDR,MEMBER_EMAIL,PHONE) values (24,'admin','1234','관리자','서울시','admin@naver.com','01012342345');
Insert into SEMI_KH.MEMBER (MEMBER_NO,MEMBER_ID,MEMBER_PW,MEMBER_NAME,MEMBER_ADDR,MEMBER_EMAIL,PHONE) values (45,'test87','1234','확인5','서울','dun13@naver.com','010464648131');
Insert into SEMI_KH.MEMBER (MEMBER_NO,MEMBER_ID,MEMBER_PW,MEMBER_NAME,MEMBER_ADDR,MEMBER_EMAIL,PHONE) values (46,'hiHI123','1234','형들나왔어','영등포구에내가산다!','sadasd@naver.com','01011112222');
Insert into SEMI_KH.MEMBER (MEMBER_NO,MEMBER_ID,MEMBER_PW,MEMBER_NAME,MEMBER_ADDR,MEMBER_EMAIL,PHONE) values (48,'dkdlel1','1234','이름','주소','email@e.com','01000000000');
Insert into SEMI_KH.MEMBER (MEMBER_NO,MEMBER_ID,MEMBER_PW,MEMBER_NAME,MEMBER_ADDR,MEMBER_EMAIL,PHONE) values (50,'dkssud','dkssud','김가연','인천','dkssud@naver.com','01022323232');
Insert into SEMI_KH.MEMBER (MEMBER_NO,MEMBER_ID,MEMBER_PW,MEMBER_NAME,MEMBER_ADDR,MEMBER_EMAIL,PHONE) values (51,'asd123','1234','후원받아욥','asd','asd@naver.com','0101113331');
Insert into SEMI_KH.MEMBER (MEMBER_NO,MEMBER_ID,MEMBER_PW,MEMBER_NAME,MEMBER_ADDR,MEMBER_EMAIL,PHONE) values (52,'kyc6913','1234','dyd','11','1@11.com','0101111111');
Insert into SEMI_KH.MEMBER (MEMBER_NO,MEMBER_ID,MEMBER_PW,MEMBER_NAME,MEMBER_ADDR,MEMBER_EMAIL,PHONE) values (60,'ㅎㅍㅎㅍ','1234','해피흠','happycity','11@happy.hmm','01011112222');
Insert into SEMI_KH.MEMBER (MEMBER_NO,MEMBER_ID,MEMBER_PW,MEMBER_NAME,MEMBER_ADDR,MEMBER_EMAIL,PHONE) values (61,'user0001','1234','유저1','1','1@2','1');
REM INSERTING into SEMI_KH.NOTICE1
SET DEFINE OFF;
Insert into SEMI_KH.NOTICE1 (NOTICE_NO,NOTICE_TITLE,NOTICE_WRITER,NOTICE_CONTENT,NOTICE_DATE,FILENAME,FILEPATH) values (47,'공지사항47','admin1','내용내용내용내욘47','2021-05-19','ㅇㅇ','ㅋㅋ');
Insert into SEMI_KH.NOTICE1 (NOTICE_NO,NOTICE_TITLE,NOTICE_WRITER,NOTICE_CONTENT,NOTICE_DATE,FILENAME,FILEPATH) values (48,'공지사항48','admin1','내용내용내용내욘48','2021-05-19','ㅇㅇ','ㅋㅋ');
Insert into SEMI_KH.NOTICE1 (NOTICE_NO,NOTICE_TITLE,NOTICE_WRITER,NOTICE_CONTENT,NOTICE_DATE,FILENAME,FILEPATH) values (49,'공지사항49','admin1','내용내용내용내욘49','2021-05-19','ㅇㅇ','ㅋㅋ');
Insert into SEMI_KH.NOTICE1 (NOTICE_NO,NOTICE_TITLE,NOTICE_WRITER,NOTICE_CONTENT,NOTICE_DATE,FILENAME,FILEPATH) values (50,'공지사항50','admin1','내용내용내용내욘50','2021-05-19','ㅇㅇ','ㅋㅋ');
Insert into SEMI_KH.NOTICE1 (NOTICE_NO,NOTICE_TITLE,NOTICE_WRITER,NOTICE_CONTENT,NOTICE_DATE,FILENAME,FILEPATH) values (51,'공지사항51','admin1','내용내용내용내욘51','2021-05-19','ㅇㅇ','ㅋㅋ');
Insert into SEMI_KH.NOTICE1 (NOTICE_NO,NOTICE_TITLE,NOTICE_WRITER,NOTICE_CONTENT,NOTICE_DATE,FILENAME,FILEPATH) values (52,'공지사항52','admin1','내용내용내용내욘52','2021-05-19','ㅇㅇ','ㅋㅋ');
Insert into SEMI_KH.NOTICE1 (NOTICE_NO,NOTICE_TITLE,NOTICE_WRITER,NOTICE_CONTENT,NOTICE_DATE,FILENAME,FILEPATH) values (53,'공지사항53','admin1','내용내용내용내욘53','2021-05-19','ㅇㅇ','ㅋㅋ');
Insert into SEMI_KH.NOTICE1 (NOTICE_NO,NOTICE_TITLE,NOTICE_WRITER,NOTICE_CONTENT,NOTICE_DATE,FILENAME,FILEPATH) values (54,'공지사항54','admin1','내용내용내용내욘54','2021-05-19','ㅇㅇ','ㅋㅋ');
Insert into SEMI_KH.NOTICE1 (NOTICE_NO,NOTICE_TITLE,NOTICE_WRITER,NOTICE_CONTENT,NOTICE_DATE,FILENAME,FILEPATH) values (55,'공지사항55','admin1','내용내용내용내욘55','2021-05-19','ㅇㅇ','ㅋㅋ');
Insert into SEMI_KH.NOTICE1 (NOTICE_NO,NOTICE_TITLE,NOTICE_WRITER,NOTICE_CONTENT,NOTICE_DATE,FILENAME,FILEPATH) values (56,'공지사항56','admin1','내용내용내용내욘56','2021-05-19','ㅇㅇ','ㅋㅋ');
Insert into SEMI_KH.NOTICE1 (NOTICE_NO,NOTICE_TITLE,NOTICE_WRITER,NOTICE_CONTENT,NOTICE_DATE,FILENAME,FILEPATH) values (57,'공지사항57','admin1','내용내용내용내욘57','2021-05-19','ㅇㅇ','ㅋㅋ');
Insert into SEMI_KH.NOTICE1 (NOTICE_NO,NOTICE_TITLE,NOTICE_WRITER,NOTICE_CONTENT,NOTICE_DATE,FILENAME,FILEPATH) values (58,'공지사항58','admin1','내용내용내용내욘58','2021-05-19','ㅇㅇ','ㅋㅋ');
Insert into SEMI_KH.NOTICE1 (NOTICE_NO,NOTICE_TITLE,NOTICE_WRITER,NOTICE_CONTENT,NOTICE_DATE,FILENAME,FILEPATH) values (59,'공지사항59','admin1','내용내용내용내욘59','2021-05-19','ㅇㅇ','ㅋㅋ');
Insert into SEMI_KH.NOTICE1 (NOTICE_NO,NOTICE_TITLE,NOTICE_WRITER,NOTICE_CONTENT,NOTICE_DATE,FILENAME,FILEPATH) values (60,'공지사항60','admin1','내용내용내용내욘60','2021-05-19','ㅇㅇ','ㅋㅋ');
Insert into SEMI_KH.NOTICE1 (NOTICE_NO,NOTICE_TITLE,NOTICE_WRITER,NOTICE_CONTENT,NOTICE_DATE,FILENAME,FILEPATH) values (61,'공지사항61','admin1','내용내용내용내욘61','2021-05-19','ㅇㅇ','ㅋㅋ');
Insert into SEMI_KH.NOTICE1 (NOTICE_NO,NOTICE_TITLE,NOTICE_WRITER,NOTICE_CONTENT,NOTICE_DATE,FILENAME,FILEPATH) values (62,'공지사항62','admin1','내용내용내용내욘62','2021-05-19','ㅇㅇ','ㅋㅋ');
Insert into SEMI_KH.NOTICE1 (NOTICE_NO,NOTICE_TITLE,NOTICE_WRITER,NOTICE_CONTENT,NOTICE_DATE,FILENAME,FILEPATH) values (63,'공지사항63','admin1','내용내용내용내욘63','2021-05-19','ㅇㅇ','ㅋㅋ');
Insert into SEMI_KH.NOTICE1 (NOTICE_NO,NOTICE_TITLE,NOTICE_WRITER,NOTICE_CONTENT,NOTICE_DATE,FILENAME,FILEPATH) values (64,'공지사항64','admin1','내용내용내용내욘64','2021-05-19','ㅇㅇ','ㅋㅋ');
Insert into SEMI_KH.NOTICE1 (NOTICE_NO,NOTICE_TITLE,NOTICE_WRITER,NOTICE_CONTENT,NOTICE_DATE,FILENAME,FILEPATH) values (65,'공지사항65','admin1','내용내용내용내욘65','2021-05-19','ㅇㅇ','ㅋㅋ');
Insert into SEMI_KH.NOTICE1 (NOTICE_NO,NOTICE_TITLE,NOTICE_WRITER,NOTICE_CONTENT,NOTICE_DATE,FILENAME,FILEPATH) values (66,'공지사항66','admin1','내용내용내용내욘66','2021-05-19','ㅇㅇ','ㅋㅋ');
Insert into SEMI_KH.NOTICE1 (NOTICE_NO,NOTICE_TITLE,NOTICE_WRITER,NOTICE_CONTENT,NOTICE_DATE,FILENAME,FILEPATH) values (67,'공지사항67','admin1','내용내용내용내욘67','2021-05-19','ㅇㅇ','ㅋㅋ');
Insert into SEMI_KH.NOTICE1 (NOTICE_NO,NOTICE_TITLE,NOTICE_WRITER,NOTICE_CONTENT,NOTICE_DATE,FILENAME,FILEPATH) values (68,'공지사항68','admin1','내용내용내용내욘68','2021-05-19','ㅇㅇ','ㅋㅋ');
Insert into SEMI_KH.NOTICE1 (NOTICE_NO,NOTICE_TITLE,NOTICE_WRITER,NOTICE_CONTENT,NOTICE_DATE,FILENAME,FILEPATH) values (69,'공지사항69','admin1','내용내용내용내욘69','2021-05-19','ㅇㅇ','ㅋㅋ');
Insert into SEMI_KH.NOTICE1 (NOTICE_NO,NOTICE_TITLE,NOTICE_WRITER,NOTICE_CONTENT,NOTICE_DATE,FILENAME,FILEPATH) values (70,'공지사항70','admin1','내용내용내용내욘70','2021-05-19','ㅇㅇ','ㅋㅋ');
Insert into SEMI_KH.NOTICE1 (NOTICE_NO,NOTICE_TITLE,NOTICE_WRITER,NOTICE_CONTENT,NOTICE_DATE,FILENAME,FILEPATH) values (71,'공지사항71','admin1','내용내용내용내욘71','2021-05-19','ㅇㅇ','ㅋㅋ');
Insert into SEMI_KH.NOTICE1 (NOTICE_NO,NOTICE_TITLE,NOTICE_WRITER,NOTICE_CONTENT,NOTICE_DATE,FILENAME,FILEPATH) values (72,'공지사항72','admin1','내용내용내용내욘72','2021-05-19','ㅇㅇ','ㅋㅋ');
Insert into SEMI_KH.NOTICE1 (NOTICE_NO,NOTICE_TITLE,NOTICE_WRITER,NOTICE_CONTENT,NOTICE_DATE,FILENAME,FILEPATH) values (73,'공지사항73','admin1','내용내용내용내욘73','2021-05-19','ㅇㅇ','ㅋㅋ');
Insert into SEMI_KH.NOTICE1 (NOTICE_NO,NOTICE_TITLE,NOTICE_WRITER,NOTICE_CONTENT,NOTICE_DATE,FILENAME,FILEPATH) values (74,'공지사항74','admin1','내용내용내용내욘74','2021-05-19','ㅇㅇ','ㅋㅋ');
Insert into SEMI_KH.NOTICE1 (NOTICE_NO,NOTICE_TITLE,NOTICE_WRITER,NOTICE_CONTENT,NOTICE_DATE,FILENAME,FILEPATH) values (75,'공지사항75','admin1','내용내용내용내욘75','2021-05-19','ㅇㅇ','ㅋㅋ');
Insert into SEMI_KH.NOTICE1 (NOTICE_NO,NOTICE_TITLE,NOTICE_WRITER,NOTICE_CONTENT,NOTICE_DATE,FILENAME,FILEPATH) values (76,'공지사항76','admin1','내용내용내용내욘76','2021-05-19','ㅇㅇ','ㅋㅋ');
Insert into SEMI_KH.NOTICE1 (NOTICE_NO,NOTICE_TITLE,NOTICE_WRITER,NOTICE_CONTENT,NOTICE_DATE,FILENAME,FILEPATH) values (77,'공지사항77','admin1','내용내용내용내욘77','2021-05-19','ㅇㅇ','ㅋㅋ');
Insert into SEMI_KH.NOTICE1 (NOTICE_NO,NOTICE_TITLE,NOTICE_WRITER,NOTICE_CONTENT,NOTICE_DATE,FILENAME,FILEPATH) values (78,'공지사항78','admin1','내용내용내용내욘78','2021-05-19','ㅇㅇ','ㅋㅋ');
Insert into SEMI_KH.NOTICE1 (NOTICE_NO,NOTICE_TITLE,NOTICE_WRITER,NOTICE_CONTENT,NOTICE_DATE,FILENAME,FILEPATH) values (79,'공지사항79','admin1','내용내용내용내욘79','2021-05-19','IMG_0980.JPG','IMG_09801.JPG');
Insert into SEMI_KH.NOTICE1 (NOTICE_NO,NOTICE_TITLE,NOTICE_WRITER,NOTICE_CONTENT,NOTICE_DATE,FILENAME,FILEPATH) values (80,'공지사항80','admin1','내용내용내용내욘80','2021-05-19','ㅇㅇ','ㅋㅋ');
Insert into SEMI_KH.NOTICE1 (NOTICE_NO,NOTICE_TITLE,NOTICE_WRITER,NOTICE_CONTENT,NOTICE_DATE,FILENAME,FILEPATH) values (81,'공지사항81','admin1','내용내용내용내욘81
]
ㅋ
ㅋ
ㅋ

ㅋㅋ
ㅋ

ㅋ
ㅋ
ㅇ
ㅁㅇㄴㄹ
ㅁㅇㄴㄹ
ㅁㄴㅇ
ㄹ
ㅁ
ㄴㅇㄹ
ㅁ
ㄴㅇㄹ
ㅁ
ㅇㄴㄹ
ㅁㄴㅇㄹ','2021-05-19','ㅇㅇ','ㅋㅋ');
Insert into SEMI_KH.NOTICE1 (NOTICE_NO,NOTICE_TITLE,NOTICE_WRITER,NOTICE_CONTENT,NOTICE_DATE,FILENAME,FILEPATH) values (95,'금일 공지사항 입니다 확인바랍니다','admin1','이번주 후원장소가 변경되었습니다, 서울특별시 신월동17-2 위치입니다!!','2021-05-21',null,null);
Insert into SEMI_KH.NOTICE1 (NOTICE_NO,NOTICE_TITLE,NOTICE_WRITER,NOTICE_CONTENT,NOTICE_DATE,FILENAME,FILEPATH) values (96,'금일 공지사항 입니다 확인바랍니다','admin1','이번주 후원장소가 변경되었습니다, 서울특별시 신월동17-2 위치입니다!!','2021-05-21',null,null);
Insert into SEMI_KH.NOTICE1 (NOTICE_NO,NOTICE_TITLE,NOTICE_WRITER,NOTICE_CONTENT,NOTICE_DATE,FILENAME,FILEPATH) values (97,'금일 공지사항 입니다 확인바랍니다','admin1','이번주 후원장소가 변경되었습니다, 서울특별시 신월동17-2 위치입니다!!','2021-05-21',null,null);
Insert into SEMI_KH.NOTICE1 (NOTICE_NO,NOTICE_TITLE,NOTICE_WRITER,NOTICE_CONTENT,NOTICE_DATE,FILENAME,FILEPATH) values (98,'금일 공지사항 입니다 확인바랍니다','admin1','이번주 후원장소가 변경되었습니다, 서울특별시 신월동17-2 위치입니다!!','2021-05-21',null,null);
Insert into SEMI_KH.NOTICE1 (NOTICE_NO,NOTICE_TITLE,NOTICE_WRITER,NOTICE_CONTENT,NOTICE_DATE,FILENAME,FILEPATH) values (99,'다음달 후원장소가 변경되었습니다.','admin1','이번주 후원장소가 변경되었습니다, 서울특별시 신월동17-2 위치입니다!!','2021-05-21',null,null);
Insert into SEMI_KH.NOTICE1 (NOTICE_NO,NOTICE_TITLE,NOTICE_WRITER,NOTICE_CONTENT,NOTICE_DATE,FILENAME,FILEPATH) values (100,'이번주 가입회원 목록입니다!','admin1','이번주 후원장소가 변경되었습니다, 서울특별시 신월동17-2 위치입니다!!','2021-05-21',null,null);
Insert into SEMI_KH.NOTICE1 (NOTICE_NO,NOTICE_TITLE,NOTICE_WRITER,NOTICE_CONTENT,NOTICE_DATE,FILENAME,FILEPATH) values (101,'굿즈상품 협찬 안내사항','admin1','이번주 후원장소가 변경되었습니다, 서울특별시 신월동17-2 위치입니다!!','2021-05-21',null,null);
Insert into SEMI_KH.NOTICE1 (NOTICE_NO,NOTICE_TITLE,NOTICE_WRITER,NOTICE_CONTENT,NOTICE_DATE,FILENAME,FILEPATH) values (102,'이번주 대표 후원장소 안내','admin1','이번주 후원장소가 변경되었습니다, 서울특별시 신월동17-2 위치입니다!!','2021-05-21',null,null);
Insert into SEMI_KH.NOTICE1 (NOTICE_NO,NOTICE_TITLE,NOTICE_WRITER,NOTICE_CONTENT,NOTICE_DATE,FILENAME,FILEPATH) values (103,'금일 공지사항 입니다 확인바랍니다','admin1','이번주 후원장소가 변경되었습니다, 서울특별시 신월동17-2 위치입니다!!','2021-05-21',null,null);
Insert into SEMI_KH.NOTICE1 (NOTICE_NO,NOTICE_TITLE,NOTICE_WRITER,NOTICE_CONTENT,NOTICE_DATE,FILENAME,FILEPATH) values (104,'다음달 후원장소가 변경되었습니다.','admin1','이번주 후원장소가 변경되었습니다, 서울특별시 신월동17-2 위치입니다!!','2021-05-21',null,null);
Insert into SEMI_KH.NOTICE1 (NOTICE_NO,NOTICE_TITLE,NOTICE_WRITER,NOTICE_CONTENT,NOTICE_DATE,FILENAME,FILEPATH) values (105,'이번주 가입회원 목록입니다!','admin1','이번주 후원장소가 변경되었습니다, 서울특별시 신월동17-2 위치입니다!!','2021-05-21',null,null);
Insert into SEMI_KH.NOTICE1 (NOTICE_NO,NOTICE_TITLE,NOTICE_WRITER,NOTICE_CONTENT,NOTICE_DATE,FILENAME,FILEPATH) values (106,'굿즈상품 협찬 안내사항','admin1','이번주 후원장소가 변경되었습니다, 서울특별시 신월동17-2 위치입니다!!','2021-05-21',null,null);
Insert into SEMI_KH.NOTICE1 (NOTICE_NO,NOTICE_TITLE,NOTICE_WRITER,NOTICE_CONTENT,NOTICE_DATE,FILENAME,FILEPATH) values (107,'이번주 대표 후원장소 안내','admin1','이번주 후원장소가 변경되었습니다, 서울특별시 신월동17-2 위치입니다!!','2021-05-21',null,null);
Insert into SEMI_KH.NOTICE1 (NOTICE_NO,NOTICE_TITLE,NOTICE_WRITER,NOTICE_CONTENT,NOTICE_DATE,FILENAME,FILEPATH) values (108,'금일 공지사항 입니다 확인바랍니다','admin1','이번주 후원장소가 변경되었습니다, 서울특별시 신월동17-2 위치입니다!!','2021-05-21',null,null);
Insert into SEMI_KH.NOTICE1 (NOTICE_NO,NOTICE_TITLE,NOTICE_WRITER,NOTICE_CONTENT,NOTICE_DATE,FILENAME,FILEPATH) values (109,'다음달 후원장소가 변경되었습니다.','admin1','이번주 후원장소가 변경되었습니다, 서울특별시 신월동17-2 위치입니다!!','2021-05-21',null,null);
Insert into SEMI_KH.NOTICE1 (NOTICE_NO,NOTICE_TITLE,NOTICE_WRITER,NOTICE_CONTENT,NOTICE_DATE,FILENAME,FILEPATH) values (110,'이번주 가입회원 목록입니다!','admin1','이번주 후원장소가 변경되었습니다, 서울특별시 신월동17-2 위치입니다!!','2021-05-21',null,null);
Insert into SEMI_KH.NOTICE1 (NOTICE_NO,NOTICE_TITLE,NOTICE_WRITER,NOTICE_CONTENT,NOTICE_DATE,FILENAME,FILEPATH) values (111,'굿즈상품 협찬 안내사항','admin1','이번주 후원장소가 변경되었습니다, 서울특별시 신월동17-2 위치입니다!!','2021-05-21',null,null);
Insert into SEMI_KH.NOTICE1 (NOTICE_NO,NOTICE_TITLE,NOTICE_WRITER,NOTICE_CONTENT,NOTICE_DATE,FILENAME,FILEPATH) values (112,'이번주 대표 후원장소 안내','admin1','이번주 후원장소가 변경되었습니다, 서울특별시 신월동17-2 위치입니다!!','2021-05-21',null,null);
Insert into SEMI_KH.NOTICE1 (NOTICE_NO,NOTICE_TITLE,NOTICE_WRITER,NOTICE_CONTENT,NOTICE_DATE,FILENAME,FILEPATH) values (113,'금일 공지사항 입니다 확인바랍니다','admin1','이번주 후원장소가 변경되었습니다, 서울특별시 신월동17-2 위치입니다!!','2021-05-21',null,null);
Insert into SEMI_KH.NOTICE1 (NOTICE_NO,NOTICE_TITLE,NOTICE_WRITER,NOTICE_CONTENT,NOTICE_DATE,FILENAME,FILEPATH) values (114,'다음달 후원장소가 변경되었습니다.','admin1','이번주 후원장소가 변경되었습니다, 서울특별시 신월동17-2 위치입니다!!','2021-05-21',null,null);
Insert into SEMI_KH.NOTICE1 (NOTICE_NO,NOTICE_TITLE,NOTICE_WRITER,NOTICE_CONTENT,NOTICE_DATE,FILENAME,FILEPATH) values (115,'이번주 가입회원 목록입니다!','admin1','이번주 후원장소가 변경되었습니다, 서울특별시 신월동17-2 위치입니다!!','2021-05-21',null,null);
Insert into SEMI_KH.NOTICE1 (NOTICE_NO,NOTICE_TITLE,NOTICE_WRITER,NOTICE_CONTENT,NOTICE_DATE,FILENAME,FILEPATH) values (116,'굿즈상품 협찬 안내사항','admin1','이번주 후원장소가 변경되었습니다, 서울특별시 신월동17-2 위치입니다!!','2021-05-21',null,null);
Insert into SEMI_KH.NOTICE1 (NOTICE_NO,NOTICE_TITLE,NOTICE_WRITER,NOTICE_CONTENT,NOTICE_DATE,FILENAME,FILEPATH) values (117,'이번주 대표 후원장소 안내','admin1','이번주 후원장소가 변경되었습니다, 서울특별시 신월동17-2 위치입니다!!','2021-05-21',null,null);
Insert into SEMI_KH.NOTICE1 (NOTICE_NO,NOTICE_TITLE,NOTICE_WRITER,NOTICE_CONTENT,NOTICE_DATE,FILENAME,FILEPATH) values (118,'금일 공지사항 입니다 확인바랍니다','admin1','이번주 후원장소가 변경되었습니다, 서울특별시 신월동17-2 위치입니다!!','2021-05-21',null,null);
Insert into SEMI_KH.NOTICE1 (NOTICE_NO,NOTICE_TITLE,NOTICE_WRITER,NOTICE_CONTENT,NOTICE_DATE,FILENAME,FILEPATH) values (119,'다음달 후원장소가 변경되었습니다.','admin1','이번주 후원장소가 변경되었습니다, 서울특별시 신월동17-2 위치입니다!!','2021-05-21',null,null);
Insert into SEMI_KH.NOTICE1 (NOTICE_NO,NOTICE_TITLE,NOTICE_WRITER,NOTICE_CONTENT,NOTICE_DATE,FILENAME,FILEPATH) values (120,'이번주 가입회원 목록입니다!','admin1','이번주 후원장소가 변경되었습니다, 서울특별시 신월동17-2 위치입니다!!','2021-05-21',null,null);
Insert into SEMI_KH.NOTICE1 (NOTICE_NO,NOTICE_TITLE,NOTICE_WRITER,NOTICE_CONTENT,NOTICE_DATE,FILENAME,FILEPATH) values (121,'굿즈상품 협찬 안내사항','admin1','이번주 후원장소가 변경되었습니다, 서울특별시 신월동17-2 위치입니다!!','2021-05-21',null,null);
Insert into SEMI_KH.NOTICE1 (NOTICE_NO,NOTICE_TITLE,NOTICE_WRITER,NOTICE_CONTENT,NOTICE_DATE,FILENAME,FILEPATH) values (122,'이번주 대표 후원장소 안내','admin1','이번주 후원장소가 변경되었습니다, 서울특별시 신월동17-2 위치입니다!!','2021-05-21',null,null);
Insert into SEMI_KH.NOTICE1 (NOTICE_NO,NOTICE_TITLE,NOTICE_WRITER,NOTICE_CONTENT,NOTICE_DATE,FILENAME,FILEPATH) values (123,'금일 공지사항 입니다 확인바랍니다','admin1','이번주 후원장소가 변경되었습니다, 서울특별시 신월동17-2 위치입니다!!','2021-05-21',null,null);
Insert into SEMI_KH.NOTICE1 (NOTICE_NO,NOTICE_TITLE,NOTICE_WRITER,NOTICE_CONTENT,NOTICE_DATE,FILENAME,FILEPATH) values (124,'다음달 후원장소가 변경되었습니다.','admin1','이번주 후원장소가 변경되었습니다, 서울특별시 신월동17-2 위치입니다!!','2021-05-21',null,null);
Insert into SEMI_KH.NOTICE1 (NOTICE_NO,NOTICE_TITLE,NOTICE_WRITER,NOTICE_CONTENT,NOTICE_DATE,FILENAME,FILEPATH) values (125,'이번주 가입회원 목록입니다!','admin1','이번주 후원장소가 변경되었습니다, 서울특별시 신월동17-2 위치입니다!!','2021-05-21',null,null);
Insert into SEMI_KH.NOTICE1 (NOTICE_NO,NOTICE_TITLE,NOTICE_WRITER,NOTICE_CONTENT,NOTICE_DATE,FILENAME,FILEPATH) values (126,'굿즈상품 협찬 안내사항','admin1','이번주 후원장소가 변경되었습니다, 서울특별시 신월동17-2 위치입니다!!','2021-05-21',null,null);
Insert into SEMI_KH.NOTICE1 (NOTICE_NO,NOTICE_TITLE,NOTICE_WRITER,NOTICE_CONTENT,NOTICE_DATE,FILENAME,FILEPATH) values (127,'이번주 대표 후원장소 안내','admin1','이번주 후원장소가 변경되었습니다, 서울특별시 신월동17-2 위치입니다!!','2021-05-21',null,null);
Insert into SEMI_KH.NOTICE1 (NOTICE_NO,NOTICE_TITLE,NOTICE_WRITER,NOTICE_CONTENT,NOTICE_DATE,FILENAME,FILEPATH) values (128,'금일 공지사항 입니다 확인바랍니다','admin1','이번주 후원장소가 변경되었습니다, 서울특별시 신월동17-2 위치입니다!!','2021-05-21',null,null);
Insert into SEMI_KH.NOTICE1 (NOTICE_NO,NOTICE_TITLE,NOTICE_WRITER,NOTICE_CONTENT,NOTICE_DATE,FILENAME,FILEPATH) values (129,'다음달 후원장소가 변경되었습니다.','admin1','이번주 후원장소가 변경되었습니다, 서울특별시 신월동17-2 위치입니다!!','2021-05-21',null,null);
Insert into SEMI_KH.NOTICE1 (NOTICE_NO,NOTICE_TITLE,NOTICE_WRITER,NOTICE_CONTENT,NOTICE_DATE,FILENAME,FILEPATH) values (130,'이번주 가입회원 목록입니다!','admin1','이번주 후원장소가 변경되었습니다, 서울특별시 신월동17-2 위치입니다!!','2021-05-21',null,null);
Insert into SEMI_KH.NOTICE1 (NOTICE_NO,NOTICE_TITLE,NOTICE_WRITER,NOTICE_CONTENT,NOTICE_DATE,FILENAME,FILEPATH) values (131,'굿즈상품 협찬 안내사항','admin1','이번주 후원장소가 변경되었습니다, 서울특별시 신월동17-2 위치입니다!!','2021-05-21',null,null);
Insert into SEMI_KH.NOTICE1 (NOTICE_NO,NOTICE_TITLE,NOTICE_WRITER,NOTICE_CONTENT,NOTICE_DATE,FILENAME,FILEPATH) values (132,'이번주 대표 후원장소 안내','admin1','이번주 후원장소가 변경되었습니다, 서울특별시 신월동17-2 위치입니다!!','2021-05-21',null,null);
Insert into SEMI_KH.NOTICE1 (NOTICE_NO,NOTICE_TITLE,NOTICE_WRITER,NOTICE_CONTENT,NOTICE_DATE,FILENAME,FILEPATH) values (133,'금일 공지사항 입니다 확인바랍니다','admin1','이번주 후원장소가 변경되었습니다, 서울특별시 신월동17-2 위치입니다!!','2021-05-21',null,null);
Insert into SEMI_KH.NOTICE1 (NOTICE_NO,NOTICE_TITLE,NOTICE_WRITER,NOTICE_CONTENT,NOTICE_DATE,FILENAME,FILEPATH) values (134,'다음달 후원장소가 변경되었습니다.','admin1','이번주 후원장소가 변경되었습니다, 서울특별시 신월동17-2 위치입니다!!','2021-05-21',null,null);
Insert into SEMI_KH.NOTICE1 (NOTICE_NO,NOTICE_TITLE,NOTICE_WRITER,NOTICE_CONTENT,NOTICE_DATE,FILENAME,FILEPATH) values (135,'이번주 가입회원 목록입니다!','admin1','이번주 후원장소가 변경되었습니다, 서울특별시 신월동17-2 위치입니다!!','2021-05-21',null,null);
Insert into SEMI_KH.NOTICE1 (NOTICE_NO,NOTICE_TITLE,NOTICE_WRITER,NOTICE_CONTENT,NOTICE_DATE,FILENAME,FILEPATH) values (136,'굿즈상품 협찬 안내사항','admin1','이번주 후원장소가 변경되었습니다, 서울특별시 신월동17-2 위치입니다!!','2021-05-21',null,null);
Insert into SEMI_KH.NOTICE1 (NOTICE_NO,NOTICE_TITLE,NOTICE_WRITER,NOTICE_CONTENT,NOTICE_DATE,FILENAME,FILEPATH) values (137,'이번주 대표 후원장소 안내','admin1','이번주 후원장소가 변경되었습니다, 서울특별시 신월동17-2 위치입니다!!','2021-05-21',null,null);
Insert into SEMI_KH.NOTICE1 (NOTICE_NO,NOTICE_TITLE,NOTICE_WRITER,NOTICE_CONTENT,NOTICE_DATE,FILENAME,FILEPATH) values (138,'금일 공지사항 입니다 확인바랍니다','admin1','이번주 후원장소가 변경되었습니다, 서울특별시 신월동17-2 위치입니다!!','2021-05-21',null,null);
Insert into SEMI_KH.NOTICE1 (NOTICE_NO,NOTICE_TITLE,NOTICE_WRITER,NOTICE_CONTENT,NOTICE_DATE,FILENAME,FILEPATH) values (139,'다음달 후원장소가 변경되었습니다.','admin1','이번주 후원장소가 변경되었습니다, 서울특별시 신월동17-2 위치입니다!!','2021-05-21',null,null);
Insert into SEMI_KH.NOTICE1 (NOTICE_NO,NOTICE_TITLE,NOTICE_WRITER,NOTICE_CONTENT,NOTICE_DATE,FILENAME,FILEPATH) values (140,'이번주 가입회원 목록입니다!','admin1','이번주 후원장소가 변경되었습니다, 서울특별시 신월동17-2 위치입니다!!','2021-05-21',null,null);
Insert into SEMI_KH.NOTICE1 (NOTICE_NO,NOTICE_TITLE,NOTICE_WRITER,NOTICE_CONTENT,NOTICE_DATE,FILENAME,FILEPATH) values (141,'굿즈상품 협찬 안내사항','admin1','이번주 후원장소가 변경되었습니다, 서울특별시 신월동17-2 위치입니다!!','2021-05-21',null,null);
Insert into SEMI_KH.NOTICE1 (NOTICE_NO,NOTICE_TITLE,NOTICE_WRITER,NOTICE_CONTENT,NOTICE_DATE,FILENAME,FILEPATH) values (142,'이번주 대표 후원장소 안내','admin1','이번주 후원장소가 변경되었습니다, 서울특별시 신월동17-2 위치입니다!!','2021-05-21',null,null);
Insert into SEMI_KH.NOTICE1 (NOTICE_NO,NOTICE_TITLE,NOTICE_WRITER,NOTICE_CONTENT,NOTICE_DATE,FILENAME,FILEPATH) values (143,'금일 공지사항 입니다 확인바랍니다','admin1','이번주 후원장소가 변경되었습니다, 서울특별시 신월동17-2 위치입니다!!','2021-05-21',null,null);
Insert into SEMI_KH.NOTICE1 (NOTICE_NO,NOTICE_TITLE,NOTICE_WRITER,NOTICE_CONTENT,NOTICE_DATE,FILENAME,FILEPATH) values (144,'다음달 후원장소가 변경되었습니다.','admin1','이번주 후원장소가 변경되었습니다, 서울특별시 신월동17-2 위치입니다!!','2021-05-21',null,null);
Insert into SEMI_KH.NOTICE1 (NOTICE_NO,NOTICE_TITLE,NOTICE_WRITER,NOTICE_CONTENT,NOTICE_DATE,FILENAME,FILEPATH) values (145,'이번주 가입회원 목록입니다!','admin1','이번주 후원장소가 변경되었습니다, 서울특별시 신월동17-2 위치입니다!!','2021-05-21',null,null);
Insert into SEMI_KH.NOTICE1 (NOTICE_NO,NOTICE_TITLE,NOTICE_WRITER,NOTICE_CONTENT,NOTICE_DATE,FILENAME,FILEPATH) values (146,'굿즈상품 협찬 안내사항','admin1','이번주 후원장소가 변경되었습니다, 서울특별시 신월동17-2 위치입니다!!','2021-05-21',null,null);
Insert into SEMI_KH.NOTICE1 (NOTICE_NO,NOTICE_TITLE,NOTICE_WRITER,NOTICE_CONTENT,NOTICE_DATE,FILENAME,FILEPATH) values (147,'이번주 대표 후원장소 안내','admin1','이번주 후원장소가 변경되었습니다, 서울특별시 신월동17-2 위치입니다!!','2021-05-21',null,null);
Insert into SEMI_KH.NOTICE1 (NOTICE_NO,NOTICE_TITLE,NOTICE_WRITER,NOTICE_CONTENT,NOTICE_DATE,FILENAME,FILEPATH) values (148,'금일 공지사항 입니다 확인바랍니다','admin1','이번주 후원장소가 변경되었습니다, 서울특별시 신월동17-2 위치입니다!!','2021-05-21',null,null);
Insert into SEMI_KH.NOTICE1 (NOTICE_NO,NOTICE_TITLE,NOTICE_WRITER,NOTICE_CONTENT,NOTICE_DATE,FILENAME,FILEPATH) values (149,'다음달 후원장소가 변경되었습니다.','admin1','이번주 후원장소가 변경되었습니다, 서울특별시 신월동17-2 위치입니다!!','2021-05-21',null,null);
Insert into SEMI_KH.NOTICE1 (NOTICE_NO,NOTICE_TITLE,NOTICE_WRITER,NOTICE_CONTENT,NOTICE_DATE,FILENAME,FILEPATH) values (150,'이번주 가입회원 목록입니다!','admin1','이번주 후원장소가 변경되었습니다, 서울특별시 신월동17-2 위치입니다!!','2021-05-21',null,null);
Insert into SEMI_KH.NOTICE1 (NOTICE_NO,NOTICE_TITLE,NOTICE_WRITER,NOTICE_CONTENT,NOTICE_DATE,FILENAME,FILEPATH) values (151,'굿즈상품 협찬 안내사항','admin1','이번주 후원장소가 변경되었습니다, 서울특별시 신월동17-2 위치입니다!!','2021-05-21',null,null);
Insert into SEMI_KH.NOTICE1 (NOTICE_NO,NOTICE_TITLE,NOTICE_WRITER,NOTICE_CONTENT,NOTICE_DATE,FILENAME,FILEPATH) values (152,'이번주 대표 후원장소 안내','admin1','이번주 후원장소가 변경되었습니다, 서울특별시 신월동17-2 위치입니다!!','2021-05-21',null,null);
Insert into SEMI_KH.NOTICE1 (NOTICE_NO,NOTICE_TITLE,NOTICE_WRITER,NOTICE_CONTENT,NOTICE_DATE,FILENAME,FILEPATH) values (153,'금일 공지사항 입니다 확인바랍니다','admin1','이번주 후원장소가 변경되었습니다, 서울특별시 신월동17-2 위치입니다!!','2021-05-21',null,null);
Insert into SEMI_KH.NOTICE1 (NOTICE_NO,NOTICE_TITLE,NOTICE_WRITER,NOTICE_CONTENT,NOTICE_DATE,FILENAME,FILEPATH) values (154,'다음달 후원장소가 변경되었습니다.','admin1','이번주 후원장소가 변경되었습니다, 서울특별시 신월동17-2 위치입니다!!','2021-05-21',null,null);
Insert into SEMI_KH.NOTICE1 (NOTICE_NO,NOTICE_TITLE,NOTICE_WRITER,NOTICE_CONTENT,NOTICE_DATE,FILENAME,FILEPATH) values (155,'이번주 가입회원 목록입니다!','admin1','이번주 후원장소가 변경되었습니다, 서울특별시 신월동17-2 위치입니다!!','2021-05-21',null,null);
Insert into SEMI_KH.NOTICE1 (NOTICE_NO,NOTICE_TITLE,NOTICE_WRITER,NOTICE_CONTENT,NOTICE_DATE,FILENAME,FILEPATH) values (156,'굿즈상품 협찬 안내사항','admin1','이번주 후원장소가 변경되었습니다, 서울특별시 신월동17-2 위치입니다!!','2021-05-21',null,null);
Insert into SEMI_KH.NOTICE1 (NOTICE_NO,NOTICE_TITLE,NOTICE_WRITER,NOTICE_CONTENT,NOTICE_DATE,FILENAME,FILEPATH) values (157,'이번주 대표 후원장소 안내','admin1','이번주 후원장소가 변경되었습니다, 서울특별시 신월동17-2 위치입니다!!','2021-05-21',null,null);
Insert into SEMI_KH.NOTICE1 (NOTICE_NO,NOTICE_TITLE,NOTICE_WRITER,NOTICE_CONTENT,NOTICE_DATE,FILENAME,FILEPATH) values (158,'금일 공지사항 입니다 확인바랍니다','admin1','이번주 후원장소가 변경되었습니다, 서울특별시 신월동17-2 위치입니다!!','2021-05-21',null,null);
Insert into SEMI_KH.NOTICE1 (NOTICE_NO,NOTICE_TITLE,NOTICE_WRITER,NOTICE_CONTENT,NOTICE_DATE,FILENAME,FILEPATH) values (159,'다음달 후원장소가 변경되었습니다.','admin1','이번주 후원장소가 변경되었습니다, 서울특별시 신월동17-2 위치입니다!!','2021-05-21',null,null);
Insert into SEMI_KH.NOTICE1 (NOTICE_NO,NOTICE_TITLE,NOTICE_WRITER,NOTICE_CONTENT,NOTICE_DATE,FILENAME,FILEPATH) values (160,'이번주 가입회원 목록입니다!','admin1','이번주 후원장소가 변경되었습니다, 서울특별시 신월동17-2 위치입니다!!','2021-05-21',null,null);
Insert into SEMI_KH.NOTICE1 (NOTICE_NO,NOTICE_TITLE,NOTICE_WRITER,NOTICE_CONTENT,NOTICE_DATE,FILENAME,FILEPATH) values (161,'굿즈상품 협찬 안내사항','admin1','이번주 후원장소가 변경되었습니다, 서울특별시 신월동17-2 위치입니다!!','2021-05-21',null,null);
Insert into SEMI_KH.NOTICE1 (NOTICE_NO,NOTICE_TITLE,NOTICE_WRITER,NOTICE_CONTENT,NOTICE_DATE,FILENAME,FILEPATH) values (162,'이번주 대표 후원장소 안내','admin1','이번주 후원장소가 변경되었습니다, 서울특별시 신월동17-2 위치입니다!!','2021-05-21',null,null);
Insert into SEMI_KH.NOTICE1 (NOTICE_NO,NOTICE_TITLE,NOTICE_WRITER,NOTICE_CONTENT,NOTICE_DATE,FILENAME,FILEPATH) values (163,'금일 공지사항 입니다 확인바랍니다','admin1','이번주 후원장소가 변경되었습니다, 서울특별시 신월동17-2 위치입니다!!','2021-05-21',null,null);
Insert into SEMI_KH.NOTICE1 (NOTICE_NO,NOTICE_TITLE,NOTICE_WRITER,NOTICE_CONTENT,NOTICE_DATE,FILENAME,FILEPATH) values (164,'다음달 후원장소가 변경되었습니다.','admin1','이번주 후원장소가 변경되었습니다, 서울특별시 신월동17-2 위치입니다!!','2021-05-21',null,null);
Insert into SEMI_KH.NOTICE1 (NOTICE_NO,NOTICE_TITLE,NOTICE_WRITER,NOTICE_CONTENT,NOTICE_DATE,FILENAME,FILEPATH) values (165,'이번주 가입회원 목록입니다!','admin1','이번주 후원장소가 변경되었습니다, 서울특별시 신월동17-2 위치입니다!!','2021-05-21',null,null);
Insert into SEMI_KH.NOTICE1 (NOTICE_NO,NOTICE_TITLE,NOTICE_WRITER,NOTICE_CONTENT,NOTICE_DATE,FILENAME,FILEPATH) values (166,'굿즈상품 협찬 안내사항','admin1','이번주 후원장소가 변경되었습니다, 서울특별시 신월동17-2 위치입니다!!','2021-05-21',null,null);
Insert into SEMI_KH.NOTICE1 (NOTICE_NO,NOTICE_TITLE,NOTICE_WRITER,NOTICE_CONTENT,NOTICE_DATE,FILENAME,FILEPATH) values (167,'이번주 대표 후원장소 안내','admin1','이번주 후원장소가 변경되었습니다, 서울특별시 신월동17-2 위치입니다!!','2021-05-21',null,null);
Insert into SEMI_KH.NOTICE1 (NOTICE_NO,NOTICE_TITLE,NOTICE_WRITER,NOTICE_CONTENT,NOTICE_DATE,FILENAME,FILEPATH) values (168,'금일 공지사항 입니다 확인바랍니다','admin1','이번주 후원장소가 변경되었습니다, 서울특별시 신월동17-2 위치입니다!!','2021-05-21',null,null);
Insert into SEMI_KH.NOTICE1 (NOTICE_NO,NOTICE_TITLE,NOTICE_WRITER,NOTICE_CONTENT,NOTICE_DATE,FILENAME,FILEPATH) values (169,'다음달 후원장소가 변경되었습니다.','admin1','이번주 후원장소가 변경되었습니다, 서울특별시 신월동17-2 위치입니다!!','2021-05-21',null,null);
Insert into SEMI_KH.NOTICE1 (NOTICE_NO,NOTICE_TITLE,NOTICE_WRITER,NOTICE_CONTENT,NOTICE_DATE,FILENAME,FILEPATH) values (170,'이번주 가입회원 목록입니다!','admin1','이번주 후원장소가 변경되었습니다, 서울특별시 신월동17-2 위치입니다!!','2021-05-21',null,null);
Insert into SEMI_KH.NOTICE1 (NOTICE_NO,NOTICE_TITLE,NOTICE_WRITER,NOTICE_CONTENT,NOTICE_DATE,FILENAME,FILEPATH) values (171,'굿즈상품 협찬 안내사항','admin1','이번주 후원장소가 변경되었습니다, 서울특별시 신월동17-2 위치입니다!!','2021-05-21',null,null);
Insert into SEMI_KH.NOTICE1 (NOTICE_NO,NOTICE_TITLE,NOTICE_WRITER,NOTICE_CONTENT,NOTICE_DATE,FILENAME,FILEPATH) values (172,'이번주 대표 후원장소 안내','admin1','이번주 후원장소가 변경되었습니다, 서울특별시 신월동17-2 위치입니다!!','2021-05-21',null,null);
Insert into SEMI_KH.NOTICE1 (NOTICE_NO,NOTICE_TITLE,NOTICE_WRITER,NOTICE_CONTENT,NOTICE_DATE,FILENAME,FILEPATH) values (173,'금일 공지사항 입니다 확인바랍니다','admin1','이번주 후원장소가 변경되었습니다, 서울특별시 신월동17-2 위치입니다!!','2021-05-21',null,null);
Insert into SEMI_KH.NOTICE1 (NOTICE_NO,NOTICE_TITLE,NOTICE_WRITER,NOTICE_CONTENT,NOTICE_DATE,FILENAME,FILEPATH) values (174,'다음달 후원장소가 변경되었습니다.','admin1','이번주 후원장소가 변경되었습니다, 서울특별시 신월동17-2 위치입니다!!','2021-05-21',null,null);
Insert into SEMI_KH.NOTICE1 (NOTICE_NO,NOTICE_TITLE,NOTICE_WRITER,NOTICE_CONTENT,NOTICE_DATE,FILENAME,FILEPATH) values (175,'이번주 가입회원 목록입니다!','admin1','이번주 후원장소가 변경되었습니다, 서울특별시 신월동17-2 위치입니다!!','2021-05-21',null,null);
Insert into SEMI_KH.NOTICE1 (NOTICE_NO,NOTICE_TITLE,NOTICE_WRITER,NOTICE_CONTENT,NOTICE_DATE,FILENAME,FILEPATH) values (176,'굿즈상품 협찬 안내사항','admin1','이번주 후원장소가 변경되었습니다, 서울특별시 신월동17-2 위치입니다!!','2021-05-21',null,null);
Insert into SEMI_KH.NOTICE1 (NOTICE_NO,NOTICE_TITLE,NOTICE_WRITER,NOTICE_CONTENT,NOTICE_DATE,FILENAME,FILEPATH) values (177,'이번주 대표 후원장소 안내','admin1','이번주 후원장소가 변경되었습니다, 서울특별시 신월동17-2 위치입니다!!','2021-05-21',null,null);
REM INSERTING into SEMI_KH.NOTICE_COMMENT
SET DEFINE OFF;
Insert into SEMI_KH.NOTICE_COMMENT (NC_NO,NC_LEVEL,NC_WRITER,NC_CONTENT,NC_DATE,NOTICE_REF,NC_REF) values (56,1,'test99','댓글댓글(아이디 다름)','2021-05-20',55,null);
Insert into SEMI_KH.NOTICE_COMMENT (NC_NO,NC_LEVEL,NC_WRITER,NC_CONTENT,NC_DATE,NOTICE_REF,NC_REF) values (57,2,'test99','대광뎠 대댓글','2021-05-20',55,56);
Insert into SEMI_KH.NOTICE_COMMENT (NC_NO,NC_LEVEL,NC_WRITER,NC_CONTENT,NC_DATE,NOTICE_REF,NC_REF) values (63,1,'test99','제발달려라 진짜 *?.¸♡?????♡¸.?*

','2021-05-20',81,null);
Insert into SEMI_KH.NOTICE_COMMENT (NC_NO,NC_LEVEL,NC_WRITER,NC_CONTENT,NC_DATE,NOTICE_REF,NC_REF) values (66,1,'test99','이제 댓글 달릴때도대짜나 *?.¸♡?????♡¸.?*

','2021-05-20',81,null);
Insert into SEMI_KH.NOTICE_COMMENT (NC_NO,NC_LEVEL,NC_WRITER,NC_CONTENT,NC_DATE,NOTICE_REF,NC_REF) values (67,2,'test99','와 ㄷㄹ렸네','2021-05-20',81,66);
Insert into SEMI_KH.NOTICE_COMMENT (NC_NO,NC_LEVEL,NC_WRITER,NC_CONTENT,NC_DATE,NOTICE_REF,NC_REF) values (68,1,'test98','ㅋㅋ!','2021-05-20',75,null);
Insert into SEMI_KH.NOTICE_COMMENT (NC_NO,NC_LEVEL,NC_WRITER,NC_CONTENT,NC_DATE,NOTICE_REF,NC_REF) values (69,1,'test98','ㄹㅎㅎㅎ','2021-05-20',78,null);
Insert into SEMI_KH.NOTICE_COMMENT (NC_NO,NC_LEVEL,NC_WRITER,NC_CONTENT,NC_DATE,NOTICE_REF,NC_REF) values (70,1,'test98','마지막댓','2021-05-20',73,null);
Insert into SEMI_KH.NOTICE_COMMENT (NC_NO,NC_LEVEL,NC_WRITER,NC_CONTENT,NC_DATE,NOTICE_REF,NC_REF) values (71,2,'test98','마지막 대댓
','2021-05-20',73,70);
Insert into SEMI_KH.NOTICE_COMMENT (NC_NO,NC_LEVEL,NC_WRITER,NC_CONTENT,NC_DATE,NOTICE_REF,NC_REF) values (72,1,'test98','아 진짜 제발 되라','2021-05-20',78,null);
Insert into SEMI_KH.NOTICE_COMMENT (NC_NO,NC_LEVEL,NC_WRITER,NC_CONTENT,NC_DATE,NOTICE_REF,NC_REF) values (77,1,'test98','ㅋㅋ','2021-05-20',77,null);
Insert into SEMI_KH.NOTICE_COMMENT (NC_NO,NC_LEVEL,NC_WRITER,NC_CONTENT,NC_DATE,NOTICE_REF,NC_REF) values (78,1,'test98','ㅎㅎ','2021-05-20',77,null);
Insert into SEMI_KH.NOTICE_COMMENT (NC_NO,NC_LEVEL,NC_WRITER,NC_CONTENT,NC_DATE,NOTICE_REF,NC_REF) values (79,2,'test98','ㅋㅋㅋㅋㅎㅎ','2021-05-20',77,77);
Insert into SEMI_KH.NOTICE_COMMENT (NC_NO,NC_LEVEL,NC_WRITER,NC_CONTENT,NC_DATE,NOTICE_REF,NC_REF) values (83,1,'test99','zz','2021-05-20',72,null);
Insert into SEMI_KH.NOTICE_COMMENT (NC_NO,NC_LEVEL,NC_WRITER,NC_CONTENT,NC_DATE,NOTICE_REF,NC_REF) values (91,1,'test99','ㅋㅋㅋㅋㅋㅋㅋㅋ','2021-05-20',79,null);
Insert into SEMI_KH.NOTICE_COMMENT (NC_NO,NC_LEVEL,NC_WRITER,NC_CONTENT,NC_DATE,NOTICE_REF,NC_REF) values (192,1,'ㅎㅍㅎㅍ','셔틀버스도 있나요 ? 응애','2021-05-21',177,null);
Insert into SEMI_KH.NOTICE_COMMENT (NC_NO,NC_LEVEL,NC_WRITER,NC_CONTENT,NC_DATE,NOTICE_REF,NC_REF) values (92,1,'test98','ㅋㅋㅋㅋㅋ아 진짜 대댓글 리발 진짜;;;;;;;아 리발ㄹㄹㄹㄹㄹ','2021-05-20',80,null);
Insert into SEMI_KH.NOTICE_COMMENT (NC_NO,NC_LEVEL,NC_WRITER,NC_CONTENT,NC_DATE,NOTICE_REF,NC_REF) values (94,1,'test98','유휴~~~대댓사라병~~~~~','2021-05-21',81,null);
Insert into SEMI_KH.NOTICE_COMMENT (NC_NO,NC_LEVEL,NC_WRITER,NC_CONTENT,NC_DATE,NOTICE_REF,NC_REF) values (191,1,'ㅎㅍㅎㅍ','셔틀버스도 있나요 ? 응애','2021-05-21',177,null);
Insert into SEMI_KH.NOTICE_COMMENT (NC_NO,NC_LEVEL,NC_WRITER,NC_CONTENT,NC_DATE,NOTICE_REF,NC_REF) values (193,1,'ㅎㅍㅎㅍ','셔틀버스도 있나요 ? 응애','2021-05-21',177,null);
Insert into SEMI_KH.NOTICE_COMMENT (NC_NO,NC_LEVEL,NC_WRITER,NC_CONTENT,NC_DATE,NOTICE_REF,NC_REF) values (194,1,'ㅎㅍㅎㅍ','셔틀버스도 있나요 ? 응애','2021-05-21',177,null);
Insert into SEMI_KH.NOTICE_COMMENT (NC_NO,NC_LEVEL,NC_WRITER,NC_CONTENT,NC_DATE,NOTICE_REF,NC_REF) values (195,1,'ㅎㅍㅎㅍ','셔틀버스도 있나요 ? 응애','2021-05-21',177,null);
Insert into SEMI_KH.NOTICE_COMMENT (NC_NO,NC_LEVEL,NC_WRITER,NC_CONTENT,NC_DATE,NOTICE_REF,NC_REF) values (196,1,'ㅎㅍㅎㅍ','안녕하세요 신입입니다','2021-05-21',175,null);
Insert into SEMI_KH.NOTICE_COMMENT (NC_NO,NC_LEVEL,NC_WRITER,NC_CONTENT,NC_DATE,NOTICE_REF,NC_REF) values (197,1,'ㅎㅍㅎㅍ','안녕하세요 신입입니다2222','2021-05-21',175,null);
Insert into SEMI_KH.NOTICE_COMMENT (NC_NO,NC_LEVEL,NC_WRITER,NC_CONTENT,NC_DATE,NOTICE_REF,NC_REF) values (198,1,'ㅎㅍㅎㅍ','안녕하세요 신입입니다333','2021-05-21',175,null);
Insert into SEMI_KH.NOTICE_COMMENT (NC_NO,NC_LEVEL,NC_WRITER,NC_CONTENT,NC_DATE,NOTICE_REF,NC_REF) values (199,1,'ㅎㅍㅎㅍ','안녕하세요 신입입니다4444','2021-05-21',175,null);
Insert into SEMI_KH.NOTICE_COMMENT (NC_NO,NC_LEVEL,NC_WRITER,NC_CONTENT,NC_DATE,NOTICE_REF,NC_REF) values (200,1,'ㅎㅍㅎㅍ','안녕하세요 신입입니다55555','2021-05-21',175,null);
Insert into SEMI_KH.NOTICE_COMMENT (NC_NO,NC_LEVEL,NC_WRITER,NC_CONTENT,NC_DATE,NOTICE_REF,NC_REF) values (201,1,'kyc6913','뭐야..','2021-05-21',177,null);
REM INSERTING into SEMI_KH.PRODUCT
SET DEFINE OFF;
Insert into SEMI_KH.PRODUCT (PRODUCT_NO,PRODUCT_TITLE,PRODUCT_INFO,FILENAME,FILEPATH,PRODUCT_CONTETNT,PRODUCT_SPONS) values (55,'''카멜레온'' 에어팟 케이스','수정수정','제목-없음-2_0008_카멜레온1.png.jfif','제목-없음-2_0008_카멜레온1.png7.jfif','test','결식아동');
Insert into SEMI_KH.PRODUCT (PRODUCT_NO,PRODUCT_TITLE,PRODUCT_INFO,FILENAME,FILEPATH,PRODUCT_CONTETNT,PRODUCT_SPONS) values (54,'''치즈'' [유기견·유기묘 후원]','수정수정','크랍_0020_치즈1.png.jpg','크랍_0020_치즈1.png7.jpg','test','유기동물');
Insert into SEMI_KH.PRODUCT (PRODUCT_NO,PRODUCT_TITLE,PRODUCT_INFO,FILENAME,FILEPATH,PRODUCT_CONTETNT,PRODUCT_SPONS) values (56,'''복슬복슬 푸들'' 케이스','수정수정','푸둘.png','푸둘.png','test','유기동물');
Insert into SEMI_KH.PRODUCT (PRODUCT_NO,PRODUCT_TITLE,PRODUCT_INFO,FILENAME,FILEPATH,PRODUCT_CONTETNT,PRODUCT_SPONS) values (57,'''용맹한 멍이'' 스마트톡','수정수정','용멍이.png','용멍이.png','test','결식아동');
Insert into SEMI_KH.PRODUCT (PRODUCT_NO,PRODUCT_TITLE,PRODUCT_INFO,FILENAME,FILEPATH,PRODUCT_CONTETNT,PRODUCT_SPONS) values (58,'''위안부'' 피해 할머님 후원 키링','수정수정','1621577775008.png','1621577775008.png','test','기타');
Insert into SEMI_KH.PRODUCT (PRODUCT_NO,PRODUCT_TITLE,PRODUCT_INFO,FILENAME,FILEPATH,PRODUCT_CONTETNT,PRODUCT_SPONS) values (59,'''원숭이'' ','수정수정','img02.jpg','img02.jpg','test','결식아동');
Insert into SEMI_KH.PRODUCT (PRODUCT_NO,PRODUCT_TITLE,PRODUCT_INFO,FILENAME,FILEPATH,PRODUCT_CONTETNT,PRODUCT_SPONS) values (60,'''여우'' 스마트톡','수정수정','1621578126361.png','1621578126361.png','test','결식아동');
Insert into SEMI_KH.PRODUCT (PRODUCT_NO,PRODUCT_TITLE,PRODUCT_INFO,FILENAME,FILEPATH,PRODUCT_CONTETNT,PRODUCT_SPONS) values (63,'제목을입력합니다.','수정수정','img01.jpg','img01.jpg','test','결식아동');
Insert into SEMI_KH.PRODUCT (PRODUCT_NO,PRODUCT_TITLE,PRODUCT_INFO,FILENAME,FILEPATH,PRODUCT_CONTETNT,PRODUCT_SPONS) values (81,'test','수정수정','img01.jpg','img012.jpg','test','결식아동');
--------------------------------------------------------
--  Constraints for Table NOTICE_COMMENT
--------------------------------------------------------

  ALTER TABLE "SEMI_KH"."NOTICE_COMMENT" ADD PRIMARY KEY ("NC_NO")
  USING INDEX PCTFREE 10 INITRANS 2 MAXTRANS 255 COMPUTE STATISTICS 
  STORAGE(INITIAL 65536 NEXT 1048576 MINEXTENTS 1 MAXEXTENTS 2147483645
  PCTINCREASE 0 FREELISTS 1 FREELIST GROUPS 1 BUFFER_POOL DEFAULT FLASH_CACHE DEFAULT CELL_FLASH_CACHE DEFAULT)
  TABLESPACE "SYSTEM"  ENABLE;
  ALTER TABLE "SEMI_KH"."NOTICE_COMMENT" MODIFY ("NC_CONTENT" NOT NULL ENABLE);
--------------------------------------------------------
--  Constraints for Table FREE_COMMENT
--------------------------------------------------------

  ALTER TABLE "SEMI_KH"."FREE_COMMENT" ADD PRIMARY KEY ("FC_NO")
  USING INDEX PCTFREE 10 INITRANS 2 MAXTRANS 255 COMPUTE STATISTICS 
  STORAGE(INITIAL 65536 NEXT 1048576 MINEXTENTS 1 MAXEXTENTS 2147483645
  PCTINCREASE 0 FREELISTS 1 FREELIST GROUPS 1 BUFFER_POOL DEFAULT FLASH_CACHE DEFAULT CELL_FLASH_CACHE DEFAULT)
  TABLESPACE "SYSTEM"  ENABLE;
  ALTER TABLE "SEMI_KH"."FREE_COMMENT" MODIFY ("FC_CONTENT" NOT NULL ENABLE);
--------------------------------------------------------
--  Constraints for Table FREE_LIKE
--------------------------------------------------------

  ALTER TABLE "SEMI_KH"."FREE_LIKE" ADD PRIMARY KEY ("FL_NO")
  USING INDEX PCTFREE 10 INITRANS 2 MAXTRANS 255 COMPUTE STATISTICS 
  STORAGE(INITIAL 65536 NEXT 1048576 MINEXTENTS 1 MAXEXTENTS 2147483645
  PCTINCREASE 0 FREELISTS 1 FREELIST GROUPS 1 BUFFER_POOL DEFAULT FLASH_CACHE DEFAULT CELL_FLASH_CACHE DEFAULT)
  TABLESPACE "SYSTEM"  ENABLE;
--------------------------------------------------------
--  Constraints for Table PRODUCT
--------------------------------------------------------

  ALTER TABLE "SEMI_KH"."PRODUCT" ADD PRIMARY KEY ("PRODUCT_NO")
  USING INDEX PCTFREE 10 INITRANS 2 MAXTRANS 255 COMPUTE STATISTICS 
  STORAGE(INITIAL 65536 NEXT 1048576 MINEXTENTS 1 MAXEXTENTS 2147483645
  PCTINCREASE 0 FREELISTS 1 FREELIST GROUPS 1 BUFFER_POOL DEFAULT FLASH_CACHE DEFAULT CELL_FLASH_CACHE DEFAULT)
  TABLESPACE "SYSTEM"  ENABLE;
  ALTER TABLE "SEMI_KH"."PRODUCT" MODIFY ("PRODUCT_SPONS" NOT NULL ENABLE);
  ALTER TABLE "SEMI_KH"."PRODUCT" MODIFY ("PRODUCT_CONTETNT" NOT NULL ENABLE);
  ALTER TABLE "SEMI_KH"."PRODUCT" MODIFY ("PRODUCT_TITLE" NOT NULL ENABLE);
--------------------------------------------------------
--  Constraints for Table DONATION
--------------------------------------------------------

  ALTER TABLE "SEMI_KH"."DONATION" MODIFY ("PA_PRICE" NOT NULL ENABLE);
  ALTER TABLE "SEMI_KH"."DONATION" MODIFY ("PA_PW" NOT NULL ENABLE);
  ALTER TABLE "SEMI_KH"."DONATION" MODIFY ("PA_EMAIL" NOT NULL ENABLE);
  ALTER TABLE "SEMI_KH"."DONATION" MODIFY ("PA_PHONE" NOT NULL ENABLE);
  ALTER TABLE "SEMI_KH"."DONATION" MODIFY ("PA_KIND" NOT NULL ENABLE);
  ALTER TABLE "SEMI_KH"."DONATION" MODIFY ("PA_USE" NOT NULL ENABLE);
  ALTER TABLE "SEMI_KH"."DONATION" MODIFY ("PATRON" NOT NULL ENABLE);
  ALTER TABLE "SEMI_KH"."DONATION" MODIFY ("PA_NO" NOT NULL ENABLE);
--------------------------------------------------------
--  Constraints for Table FREE
--------------------------------------------------------

  ALTER TABLE "SEMI_KH"."FREE" ADD PRIMARY KEY ("FREE_NO")
  USING INDEX PCTFREE 10 INITRANS 2 MAXTRANS 255 COMPUTE STATISTICS 
  STORAGE(INITIAL 65536 NEXT 1048576 MINEXTENTS 1 MAXEXTENTS 2147483645
  PCTINCREASE 0 FREELISTS 1 FREELIST GROUPS 1 BUFFER_POOL DEFAULT FLASH_CACHE DEFAULT CELL_FLASH_CACHE DEFAULT)
  TABLESPACE "SYSTEM"  ENABLE;
  ALTER TABLE "SEMI_KH"."FREE" MODIFY ("FREE_DATE" NOT NULL ENABLE);
  ALTER TABLE "SEMI_KH"."FREE" MODIFY ("FREE_TITLE" NOT NULL ENABLE);
--------------------------------------------------------
--  Constraints for Table ADMIN
--------------------------------------------------------

  ALTER TABLE "SEMI_KH"."ADMIN" ADD UNIQUE ("ADMIN_ID")
  USING INDEX PCTFREE 10 INITRANS 2 MAXTRANS 255 COMPUTE STATISTICS 
  STORAGE(INITIAL 65536 NEXT 1048576 MINEXTENTS 1 MAXEXTENTS 2147483645
  PCTINCREASE 0 FREELISTS 1 FREELIST GROUPS 1 BUFFER_POOL DEFAULT FLASH_CACHE DEFAULT CELL_FLASH_CACHE DEFAULT)
  TABLESPACE "SYSTEM"  ENABLE;
  ALTER TABLE "SEMI_KH"."ADMIN" ADD PRIMARY KEY ("ADMIN_NO")
  USING INDEX PCTFREE 10 INITRANS 2 MAXTRANS 255 COMPUTE STATISTICS 
  STORAGE(INITIAL 65536 NEXT 1048576 MINEXTENTS 1 MAXEXTENTS 2147483645
  PCTINCREASE 0 FREELISTS 1 FREELIST GROUPS 1 BUFFER_POOL DEFAULT FLASH_CACHE DEFAULT CELL_FLASH_CACHE DEFAULT)
  TABLESPACE "SYSTEM"  ENABLE;
  ALTER TABLE "SEMI_KH"."ADMIN" MODIFY ("ADMIN_NAME" NOT NULL ENABLE);
  ALTER TABLE "SEMI_KH"."ADMIN" MODIFY ("ADMIN_PW" NOT NULL ENABLE);
--------------------------------------------------------
--  Constraints for Table NOTICE1
--------------------------------------------------------

  ALTER TABLE "SEMI_KH"."NOTICE1" ADD PRIMARY KEY ("NOTICE_NO")
  USING INDEX PCTFREE 10 INITRANS 2 MAXTRANS 255 COMPUTE STATISTICS 
  STORAGE(INITIAL 65536 NEXT 1048576 MINEXTENTS 1 MAXEXTENTS 2147483645
  PCTINCREASE 0 FREELISTS 1 FREELIST GROUPS 1 BUFFER_POOL DEFAULT FLASH_CACHE DEFAULT CELL_FLASH_CACHE DEFAULT)
  TABLESPACE "SYSTEM"  ENABLE;
  ALTER TABLE "SEMI_KH"."NOTICE1" MODIFY ("NOTICE_TITLE" NOT NULL ENABLE);
--------------------------------------------------------
--  Constraints for Table DONATION_LIST
--------------------------------------------------------

  ALTER TABLE "SEMI_KH"."DONATION_LIST" MODIFY ("DONA_DATE" NOT NULL ENABLE);
  ALTER TABLE "SEMI_KH"."DONATION_LIST" MODIFY ("DONA_CONTENT" NOT NULL ENABLE);
  ALTER TABLE "SEMI_KH"."DONATION_LIST" MODIFY ("DONA_WRITER" NOT NULL ENABLE);
  ALTER TABLE "SEMI_KH"."DONATION_LIST" MODIFY ("DONA_TITLE" NOT NULL ENABLE);
  ALTER TABLE "SEMI_KH"."DONATION_LIST" MODIFY ("DONA_NO" NOT NULL ENABLE);
--------------------------------------------------------
--  Constraints for Table MEMBER
--------------------------------------------------------

  ALTER TABLE "SEMI_KH"."MEMBER" ADD UNIQUE ("MEMBER_ID")
  USING INDEX PCTFREE 10 INITRANS 2 MAXTRANS 255 COMPUTE STATISTICS 
  STORAGE(INITIAL 65536 NEXT 1048576 MINEXTENTS 1 MAXEXTENTS 2147483645
  PCTINCREASE 0 FREELISTS 1 FREELIST GROUPS 1 BUFFER_POOL DEFAULT FLASH_CACHE DEFAULT CELL_FLASH_CACHE DEFAULT)
  TABLESPACE "SYSTEM"  ENABLE;
  ALTER TABLE "SEMI_KH"."MEMBER" ADD PRIMARY KEY ("MEMBER_NO")
  USING INDEX PCTFREE 10 INITRANS 2 MAXTRANS 255 COMPUTE STATISTICS 
  STORAGE(INITIAL 65536 NEXT 1048576 MINEXTENTS 1 MAXEXTENTS 2147483645
  PCTINCREASE 0 FREELISTS 1 FREELIST GROUPS 1 BUFFER_POOL DEFAULT FLASH_CACHE DEFAULT CELL_FLASH_CACHE DEFAULT)
  TABLESPACE "SYSTEM"  ENABLE;
  ALTER TABLE "SEMI_KH"."MEMBER" MODIFY ("MEMBER_NAME" NOT NULL ENABLE);
  ALTER TABLE "SEMI_KH"."MEMBER" MODIFY ("MEMBER_PW" NOT NULL ENABLE);
--------------------------------------------------------
--  Ref Constraints for Table FREE
--------------------------------------------------------

  ALTER TABLE "SEMI_KH"."FREE" ADD FOREIGN KEY ("FREE_WRITER")
	  REFERENCES "SEMI_KH"."MEMBER" ("MEMBER_ID") ON DELETE CASCADE ENABLE;
--------------------------------------------------------
--  Ref Constraints for Table FREE_COMMENT
--------------------------------------------------------

  ALTER TABLE "SEMI_KH"."FREE_COMMENT" ADD FOREIGN KEY ("FC_WRITER")
	  REFERENCES "SEMI_KH"."MEMBER" ("MEMBER_ID") ON DELETE CASCADE ENABLE;
  ALTER TABLE "SEMI_KH"."FREE_COMMENT" ADD FOREIGN KEY ("FREE_REF")
	  REFERENCES "SEMI_KH"."FREE" ("FREE_NO") ON DELETE CASCADE ENABLE;
  ALTER TABLE "SEMI_KH"."FREE_COMMENT" ADD FOREIGN KEY ("FC_REF")
	  REFERENCES "SEMI_KH"."FREE_COMMENT" ("FC_NO") ON DELETE CASCADE ENABLE;
--------------------------------------------------------
--  Ref Constraints for Table FREE_LIKE
--------------------------------------------------------

  ALTER TABLE "SEMI_KH"."FREE_LIKE" ADD FOREIGN KEY ("FREE_REF")
	  REFERENCES "SEMI_KH"."FREE" ("FREE_NO") ON DELETE CASCADE ENABLE;
  ALTER TABLE "SEMI_KH"."FREE_LIKE" ADD FOREIGN KEY ("MEMBER_ID")
	  REFERENCES "SEMI_KH"."MEMBER" ("MEMBER_ID") ON DELETE CASCADE ENABLE;
--------------------------------------------------------
--  Ref Constraints for Table NOTICE1
--------------------------------------------------------

  ALTER TABLE "SEMI_KH"."NOTICE1" ADD FOREIGN KEY ("NOTICE_WRITER")
	  REFERENCES "SEMI_KH"."ADMIN" ("ADMIN_ID") ON DELETE CASCADE ENABLE;
--------------------------------------------------------
--  Ref Constraints for Table NOTICE_COMMENT
--------------------------------------------------------

  ALTER TABLE "SEMI_KH"."NOTICE_COMMENT" ADD FOREIGN KEY ("NC_WRITER")
	  REFERENCES "SEMI_KH"."MEMBER" ("MEMBER_ID") ON DELETE CASCADE ENABLE;
  ALTER TABLE "SEMI_KH"."NOTICE_COMMENT" ADD FOREIGN KEY ("NOTICE_REF")
	  REFERENCES "SEMI_KH"."NOTICE1" ("NOTICE_NO") ON DELETE CASCADE ENABLE;
  ALTER TABLE "SEMI_KH"."NOTICE_COMMENT" ADD FOREIGN KEY ("NC_REF")
	  REFERENCES "SEMI_KH"."NOTICE_COMMENT" ("NC_NO") ON DELETE CASCADE ENABLE;
